interaction_id,agent_id,timestamp,week_number,channel,disconnected,stated_reason
INT-000376,AGT-013,2026-06-01 08:20:00,1,chat,False,
INT-000093,AGT-004,2026-06-01 08:24:00,1,chat,False,
INT-000440,AGT-015,2026-06-01 08:56:00,1,chat,False,
INT-000571,AGT-020,2026-06-01 09:11:00,1,call,False,
INT-000182,AGT-007,2026-06-01 09:16:00,1,call,False,
INT-000435,AGT-015,2026-06-01 09:23:00,1,chat,False,
INT-000379,AGT-013,2026-06-01 09:25:00,1,call,False,
INT-000099,AGT-004,2026-06-01 09:26:00,1,call,False,
INT-000406,AGT-014,2026-06-01 09:27:00,1,chat,False,
INT-000473,AGT-016,2026-06-01 09:28:00,1,call,False,
INT-000132,AGT-005,2026-06-01 09:39:00,1,chat,False,
INT-000141,AGT-005,2026-06-01 09:41:00,1,chat,False,
INT-000438,AGT-015,2026-06-01 09:52:00,1,chat,False,
INT-000153,AGT-006,2026-06-01 09:58:00,1,call,False,
INT-000468,AGT-016,2026-06-01 10:33:00,1,call,False,
INT-000262,AGT-009,2026-06-01 10:47:00,1,chat,False,
INT-000025,AGT-001,2026-06-01 10:49:00,1,call,False,
INT-000400,AGT-014,2026-06-01 10:53:00,1,call,False,
INT-000531,AGT-018,2026-06-01 10:59:00,1,chat,False,
INT-000535,AGT-018,2026-06-01 11:16:00,1,call,False,
INT-000296,AGT-010,2026-06-01 11:18:00,1,chat,False,
INT-000267,AGT-009,2026-06-01 11:20:00,1,chat,False,
INT-000214,AGT-008,2026-06-01 11:32:00,1,chat,False,
INT-000154,AGT-006,2026-06-01 11:36:00,1,call,False,
INT-000431,AGT-015,2026-06-01 11:40:00,1,call,False,
INT-000439,AGT-015,2026-06-01 11:42:00,1,call,False,
INT-000227,AGT-008,2026-06-01 11:51:00,1,call,False,
INT-000586,AGT-020,2026-06-01 12:26:00,1,call,False,
INT-000219,AGT-008,2026-06-01 12:29:00,1,chat,False,
INT-000124,AGT-005,2026-06-01 12:39:00,1,chat,False,
INT-000255,AGT-009,2026-06-01 12:44:00,1,chat,False,
INT-000442,AGT-015,2026-06-01 12:47:00,1,chat,False,
INT-000568,AGT-019,2026-06-01 12:58:00,1,chat,False,
INT-000294,AGT-010,2026-06-01 13:05:00,1,chat,False,
INT-000566,AGT-019,2026-06-01 13:07:00,1,call,False,
INT-000293,AGT-010,2026-06-01 13:27:00,1,call,False,
INT-000401,AGT-014,2026-06-01 13:31:00,1,call,False,
INT-000330,AGT-011,2026-06-01 13:36:00,1,chat,False,
INT-000505,AGT-017,2026-06-01 13:42:00,1,call,False,
INT-000037,AGT-002,2026-06-01 13:42:00,1,call,False,
INT-000318,AGT-011,2026-06-01 13:58:00,1,call,False,
INT-000394,AGT-014,2026-06-01 14:09:00,1,call,False,
INT-000229,AGT-008,2026-06-01 14:15:00,1,chat,False,
INT-000475,AGT-016,2026-06-01 14:25:00,1,call,False,
INT-000023,AGT-001,2026-06-01 14:47:00,1,call,True,customer_disconnected_first
INT-000410,AGT-014,2026-06-01 14:54:00,1,chat,False,
INT-000565,AGT-019,2026-06-01 15:22:00,1,chat,False,
INT-000574,AGT-020,2026-06-01 15:24:00,1,chat,False,
INT-000415,AGT-014,2026-06-01 15:34:00,1,call,False,
INT-000133,AGT-005,2026-06-01 15:37:00,1,call,False,
INT-000340,AGT-012,2026-06-01 15:43:00,1,chat,True,power_issue
INT-000081,AGT-003,2026-06-01 15:57:00,1,chat,False,
INT-000070,AGT-003,2026-06-01 16:05:00,1,chat,True,power_issue
INT-000002,AGT-001,2026-06-01 16:12:00,1,call,False,
INT-000490,AGT-017,2026-06-01 16:29:00,1,call,False,
INT-000144,AGT-005,2026-06-01 16:31:00,1,chat,False,
INT-000127,AGT-005,2026-06-01 16:32:00,1,call,False,
INT-000550,AGT-019,2026-06-01 16:48:00,1,chat,False,
INT-000168,AGT-006,2026-06-01 16:54:00,1,call,False,
INT-000304,AGT-011,2026-06-01 17:01:00,1,chat,False,
INT-000544,AGT-019,2026-06-01 17:09:00,1,chat,False,
INT-000039,AGT-002,2026-06-01 17:29:00,1,chat,False,
INT-000022,AGT-001,2026-06-01 17:34:00,1,chat,False,
INT-000203,AGT-007,2026-06-01 17:38:00,1,call,False,
INT-000323,AGT-011,2026-06-01 17:38:00,1,chat,False,
INT-000001,AGT-001,2026-06-01 17:39:00,1,call,False,
INT-000064,AGT-003,2026-06-01 17:53:00,1,call,True,internet_issue
INT-000543,AGT-019,2026-06-01 18:11:00,1,chat,False,
INT-000302,AGT-011,2026-06-01 18:22:00,1,chat,False,
INT-000188,AGT-007,2026-06-01 18:23:00,1,call,False,
INT-000265,AGT-009,2026-06-01 18:24:00,1,chat,False,
INT-000131,AGT-005,2026-06-01 18:41:00,1,call,False,
INT-000207,AGT-007,2026-06-01 18:44:00,1,chat,False,
INT-000366,AGT-013,2026-06-01 19:01:00,1,chat,False,
INT-000311,AGT-011,2026-06-01 19:04:00,1,chat,False,
INT-000572,AGT-020,2026-06-01 19:05:00,1,call,False,
INT-000075,AGT-003,2026-06-01 19:09:00,1,chat,False,
INT-000552,AGT-019,2026-06-01 19:13:00,1,call,False,
INT-000405,AGT-014,2026-06-01 19:41:00,1,call,False,
INT-000290,AGT-010,2026-06-01 19:43:00,1,call,False,
INT-000433,AGT-015,2026-06-01 19:47:00,1,chat,False,
INT-000116,AGT-004,2026-06-01 19:50:00,1,call,False,
INT-000163,AGT-006,2026-06-01 19:51:00,1,chat,False,
INT-000205,AGT-007,2026-06-02 08:03:00,1,call,True,power_issue
INT-000268,AGT-009,2026-06-02 08:03:00,1,chat,False,
INT-000375,AGT-013,2026-06-02 08:05:00,1,call,False,
INT-000050,AGT-002,2026-06-02 08:21:00,1,chat,False,
INT-000403,AGT-014,2026-06-02 08:31:00,1,call,False,
INT-000263,AGT-009,2026-06-02 08:55:00,1,call,False,
INT-000228,AGT-008,2026-06-02 09:20:00,1,chat,False,
INT-000445,AGT-015,2026-06-02 09:30:00,1,chat,False,
INT-000058,AGT-002,2026-06-02 09:31:00,1,call,False,
INT-000595,AGT-020,2026-06-02 09:35:00,1,call,False,
INT-000457,AGT-016,2026-06-02 09:40:00,1,chat,False,
INT-000261,AGT-009,2026-06-02 09:46:00,1,call,False,
INT-000339,AGT-012,2026-06-02 09:49:00,1,call,False,
INT-000384,AGT-013,2026-06-02 10:02:00,1,chat,False,
INT-000158,AGT-006,2026-06-02 10:05:00,1,chat,False,
INT-000113,AGT-004,2026-06-02 10:07:00,1,chat,False,
INT-000067,AGT-003,2026-06-02 10:16:00,1,call,False,
INT-000517,AGT-018,2026-06-02 10:44:00,1,call,False,
INT-000308,AGT-011,2026-06-02 10:52:00,1,chat,False,
INT-000414,AGT-014,2026-06-02 10:58:00,1,call,False,
INT-000504,AGT-017,2026-06-02 11:11:00,1,call,False,
INT-000498,AGT-017,2026-06-02 11:22:00,1,call,False,
INT-000362,AGT-013,2026-06-02 11:28:00,1,chat,False,
INT-000244,AGT-009,2026-06-02 11:35:00,1,call,False,
INT-000266,AGT-009,2026-06-02 11:43:00,1,call,False,
INT-000102,AGT-004,2026-06-02 11:47:00,1,chat,False,
INT-000409,AGT-014,2026-06-02 12:03:00,1,call,False,
INT-000463,AGT-016,2026-06-02 12:06:00,1,call,False,
INT-000240,AGT-008,2026-06-02 12:09:00,1,call,False,
INT-000530,AGT-018,2026-06-02 12:39:00,1,call,False,
INT-000242,AGT-009,2026-06-02 13:01:00,1,call,False,
INT-000042,AGT-002,2026-06-02 13:11:00,1,call,False,
INT-000432,AGT-015,2026-06-02 13:12:00,1,chat,False,
INT-000372,AGT-013,2026-06-02 13:13:00,1,chat,False,
INT-000501,AGT-017,2026-06-02 13:26:00,1,chat,False,
INT-000364,AGT-013,2026-06-02 13:30:00,1,chat,False,
INT-000161,AGT-006,2026-06-02 13:31:00,1,chat,False,
INT-000047,AGT-002,2026-06-02 13:40:00,1,call,False,
INT-000386,AGT-013,2026-06-02 13:55:00,1,call,False,
INT-000418,AGT-014,2026-06-02 13:58:00,1,chat,False,
INT-000181,AGT-007,2026-06-02 13:59:00,1,chat,False,
INT-000270,AGT-009,2026-06-02 14:31:00,1,call,False,
INT-000048,AGT-002,2026-06-02 14:32:00,1,call,False,
INT-000436,AGT-015,2026-06-02 14:38:00,1,chat,False,
INT-000424,AGT-015,2026-06-02 15:06:00,1,chat,False,
INT-000476,AGT-016,2026-06-02 15:10:00,1,chat,False,
INT-000556,AGT-019,2026-06-02 15:17:00,1,chat,False,
INT-000151,AGT-006,2026-06-02 15:26:00,1,chat,False,
INT-000583,AGT-020,2026-06-02 15:26:00,1,chat,False,
INT-000170,AGT-006,2026-06-02 15:40:00,1,call,False,
INT-000389,AGT-013,2026-06-02 16:00:00,1,chat,False,
INT-000106,AGT-004,2026-06-02 16:02:00,1,call,False,
INT-000210,AGT-007,2026-06-02 16:31:00,1,call,False,
INT-000450,AGT-015,2026-06-02 16:32:00,1,call,False,
INT-000017,AGT-001,2026-06-02 16:38:00,1,call,False,
INT-000496,AGT-017,2026-06-02 16:50:00,1,call,False,
INT-000513,AGT-018,2026-06-02 17:04:00,1,chat,False,
INT-000353,AGT-012,2026-06-02 17:06:00,1,call,False,
INT-000164,AGT-006,2026-06-02 17:14:00,1,call,False,
INT-000035,AGT-002,2026-06-02 17:15:00,1,chat,False,
INT-000446,AGT-015,2026-06-02 17:24:00,1,chat,False,
INT-000110,AGT-004,2026-06-02 17:24:00,1,chat,False,
INT-000078,AGT-003,2026-06-02 17:27:00,1,call,False,
INT-000232,AGT-008,2026-06-02 17:28:00,1,call,False,
INT-000378,AGT-013,2026-06-02 17:33:00,1,chat,False,
INT-000500,AGT-017,2026-06-02 17:34:00,1,chat,False,
INT-000428,AGT-015,2026-06-02 18:14:00,1,call,False,
INT-000209,AGT-007,2026-06-02 18:26:00,1,call,False,
INT-000146,AGT-005,2026-06-02 18:27:00,1,chat,False,
INT-000534,AGT-018,2026-06-02 18:32:00,1,chat,True,power_issue
INT-000176,AGT-006,2026-06-02 18:48:00,1,chat,False,
INT-000600,AGT-020,2026-06-02 18:56:00,1,chat,False,
INT-000407,AGT-014,2026-06-02 18:57:00,1,chat,False,
INT-000317,AGT-011,2026-06-02 19:00:00,1,call,False,
INT-000542,AGT-019,2026-06-02 19:06:00,1,chat,False,
INT-000569,AGT-019,2026-06-02 19:10:00,1,chat,False,
INT-000461,AGT-016,2026-06-02 19:26:00,1,chat,False,
INT-000246,AGT-009,2026-06-02 19:28:00,1,call,False,
INT-000324,AGT-011,2026-06-02 19:31:00,1,call,False,
INT-000328,AGT-011,2026-06-02 19:38:00,1,call,False,
INT-000349,AGT-012,2026-06-02 19:50:00,1,chat,True,internet_issue
INT-000218,AGT-008,2026-06-02 19:51:00,1,chat,False,
INT-000451,AGT-016,2026-06-03 08:18:00,1,chat,False,
INT-000564,AGT-019,2026-06-03 08:20:00,1,chat,False,
INT-000208,AGT-007,2026-06-03 08:54:00,1,call,False,
INT-000248,AGT-009,2026-06-03 09:01:00,1,chat,True,internet_issue
INT-000220,AGT-008,2026-06-03 09:06:00,1,call,False,
INT-000314,AGT-011,2026-06-03 09:10:00,1,chat,False,
INT-000084,AGT-003,2026-06-03 09:11:00,1,chat,True,power_issue
INT-000289,AGT-010,2026-06-03 09:18:00,1,chat,False,
INT-000033,AGT-002,2026-06-03 09:20:00,1,chat,False,
INT-000233,AGT-008,2026-06-03 09:25:00,1,chat,False,
INT-000421,AGT-015,2026-06-03 09:30:00,1,chat,False,
INT-000147,AGT-005,2026-06-03 09:46:00,1,call,False,
INT-000545,AGT-019,2026-06-03 09:59:00,1,call,False,
INT-000377,AGT-013,2026-06-03 10:01:00,1,call,False,
INT-000567,AGT-019,2026-06-03 10:01:00,1,chat,False,
INT-000191,AGT-007,2026-06-03 10:15:00,1,call,False,
INT-000221,AGT-008,2026-06-03 10:33:00,1,call,False,
INT-000382,AGT-013,2026-06-03 10:37:00,1,call,False,
INT-000359,AGT-012,2026-06-03 10:56:00,1,call,False,
INT-000063,AGT-003,2026-06-03 11:00:00,1,chat,True,power_issue
INT-000371,AGT-013,2026-06-03 11:14:00,1,chat,False,
INT-000172,AGT-006,2026-06-03 11:46:00,1,chat,False,
INT-000080,AGT-003,2026-06-03 12:07:00,1,call,False,
INT-000502,AGT-017,2026-06-03 12:10:00,1,call,False,
INT-000599,AGT-020,2026-06-03 12:17:00,1,chat,False,
INT-000551,AGT-019,2026-06-03 12:21:00,1,chat,False,
INT-000288,AGT-010,2026-06-03 12:21:00,1,call,False,
INT-000338,AGT-012,2026-06-03 12:41:00,1,call,False,
INT-000503,AGT-017,2026-06-03 12:43:00,1,call,False,
INT-000062,AGT-003,2026-06-03 12:53:00,1,call,False,
INT-000274,AGT-010,2026-06-03 12:56:00,1,call,False,
INT-000129,AGT-005,2026-06-03 13:00:00,1,call,False,
INT-000165,AGT-006,2026-06-03 13:02:00,1,call,False,
INT-000448,AGT-015,2026-06-03 13:08:00,1,call,True,customer_disconnected_first
INT-000368,AGT-013,2026-06-03 13:10:00,1,call,False,
INT-000533,AGT-018,2026-06-03 13:14:00,1,call,False,
INT-000392,AGT-014,2026-06-03 13:15:00,1,chat,False,
INT-000046,AGT-002,2026-06-03 13:28:00,1,chat,False,
INT-000186,AGT-007,2026-06-03 13:31:00,1,chat,False,
INT-000593,AGT-020,2026-06-03 13:33:00,1,call,False,
INT-000507,AGT-017,2026-06-03 13:37:00,1,chat,False,
INT-000587,AGT-020,2026-06-03 13:49:00,1,chat,False,
INT-000278,AGT-010,2026-06-03 13:52:00,1,chat,False,
INT-000393,AGT-014,2026-06-03 14:09:00,1,call,False,
INT-000495,AGT-017,2026-06-03 14:11:00,1,chat,False,
INT-000374,AGT-013,2026-06-03 14:16:00,1,call,False,
INT-000312,AGT-011,2026-06-03 14:16:00,1,call,False,
INT-000460,AGT-016,2026-06-03 14:23:00,1,chat,False,
INT-000187,AGT-007,2026-06-03 14:25:00,1,chat,False,
INT-000558,AGT-019,2026-06-03 14:36:00,1,call,False,
INT-000467,AGT-016,2026-06-03 14:39:00,1,chat,False,
INT-000592,AGT-020,2026-06-03 14:40:00,1,call,False,
INT-000313,AGT-011,2026-06-03 14:49:00,1,call,False,
INT-000097,AGT-004,2026-06-03 14:58:00,1,chat,False,
INT-000492,AGT-017,2026-06-03 15:06:00,1,chat,False,
INT-000040,AGT-002,2026-06-03 15:08:00,1,chat,False,
INT-000598,AGT-020,2026-06-03 15:11:00,1,call,False,
INT-000419,AGT-014,2026-06-03 15:21:00,1,chat,False,
INT-000360,AGT-012,2026-06-03 15:52:00,1,chat,False,
INT-000136,AGT-005,2026-06-03 15:54:00,1,call,True,power_issue
INT-000155,AGT-006,2026-06-03 15:58:00,1,call,False,
INT-000527,AGT-018,2026-06-03 16:09:00,1,call,True,power_issue
INT-000369,AGT-013,2026-06-03 16:45:00,1,call,False,
INT-000365,AGT-013,2026-06-03 16:47:00,1,chat,False,
INT-000028,AGT-001,2026-06-03 17:19:00,1,call,True,power_issue
INT-000390,AGT-013,2026-06-03 17:22:00,1,chat,True,power_issue
INT-000596,AGT-020,2026-06-03 17:32:00,1,chat,True,customer_disconnected_first
INT-000216,AGT-008,2026-06-03 17:32:00,1,chat,False,
INT-000095,AGT-004,2026-06-03 17:34:00,1,chat,False,
INT-000577,AGT-020,2026-06-03 17:46:00,1,call,False,
INT-000563,AGT-019,2026-06-03 17:47:00,1,call,False,
INT-000241,AGT-009,2026-06-03 18:09:00,1,call,False,
INT-000138,AGT-005,2026-06-03 18:14:00,1,call,False,
INT-000470,AGT-016,2026-06-03 18:15:00,1,chat,False,
INT-000212,AGT-008,2026-06-03 18:31:00,1,call,False,
INT-000356,AGT-012,2026-06-03 18:34:00,1,call,True,power_issue
INT-000175,AGT-006,2026-06-03 18:55:00,1,chat,False,
INT-000351,AGT-012,2026-06-03 18:57:00,1,chat,False,
INT-000199,AGT-007,2026-06-03 19:06:00,1,chat,True,customer_disconnected_first
INT-000276,AGT-010,2026-06-03 19:15:00,1,call,False,
INT-000449,AGT-015,2026-06-03 19:28:00,1,chat,False,
INT-000066,AGT-003,2026-06-03 19:29:00,1,chat,True,power_issue
INT-000298,AGT-010,2026-06-03 19:35:00,1,call,False,
INT-000459,AGT-016,2026-06-03 19:37:00,1,call,False,
INT-000560,AGT-019,2026-06-03 19:52:00,1,call,False,
INT-000412,AGT-014,2026-06-03 19:57:00,1,call,False,
INT-000044,AGT-002,2026-06-03 19:59:00,1,chat,False,
INT-000145,AGT-005,2026-06-04 08:04:00,1,chat,False,
INT-000193,AGT-007,2026-06-04 08:24:00,1,call,False,
INT-000010,AGT-001,2026-06-04 08:32:00,1,call,False,
INT-000429,AGT-015,2026-06-04 08:34:00,1,chat,False,
INT-000073,AGT-003,2026-06-04 08:35:00,1,chat,False,
INT-000301,AGT-011,2026-06-04 09:04:00,1,call,False,
INT-000051,AGT-002,2026-06-04 09:18:00,1,chat,False,
INT-000086,AGT-003,2026-06-04 09:32:00,1,call,True,power_issue
INT-000444,AGT-015,2026-06-04 09:34:00,1,call,False,
INT-000013,AGT-001,2026-06-04 09:41:00,1,call,False,
INT-000363,AGT-013,2026-06-04 09:42:00,1,chat,False,
INT-000281,AGT-010,2026-06-04 09:46:00,1,chat,False,
INT-000327,AGT-011,2026-06-04 09:47:00,1,chat,False,
INT-000250,AGT-009,2026-06-04 10:05:00,1,chat,False,
INT-000006,AGT-001,2026-06-04 10:05:00,1,chat,False,
INT-000331,AGT-012,2026-06-04 10:05:00,1,chat,False,
INT-000082,AGT-003,2026-06-04 10:16:00,1,call,False,
INT-000292,AGT-010,2026-06-04 10:58:00,1,call,False,
INT-000239,AGT-008,2026-06-04 10:58:00,1,call,False,
INT-000522,AGT-018,2026-06-04 11:00:00,1,call,False,
INT-000061,AGT-003,2026-06-04 11:01:00,1,chat,False,
INT-000150,AGT-005,2026-06-04 11:25:00,1,chat,False,
INT-000423,AGT-015,2026-06-04 11:31:00,1,chat,False,
INT-000561,AGT-019,2026-06-04 11:31:00,1,chat,False,
INT-000225,AGT-008,2026-06-04 11:53:00,1,chat,False,
INT-000055,AGT-002,2026-06-04 12:18:00,1,chat,False,
INT-000347,AGT-012,2026-06-04 12:26:00,1,chat,True,internet_issue
INT-000528,AGT-018,2026-06-04 12:26:00,1,call,False,
INT-000167,AGT-006,2026-06-04 12:29:00,1,call,False,
INT-000257,AGT-009,2026-06-04 12:38:00,1,call,False,
INT-000559,AGT-019,2026-06-04 12:49:00,1,chat,True,customer_disconnected_first
INT-000536,AGT-018,2026-06-04 12:55:00,1,call,False,
INT-000516,AGT-018,2026-06-04 12:59:00,1,chat,True,power_issue
INT-000031,AGT-002,2026-06-04 13:09:00,1,call,False,
INT-000511,AGT-018,2026-06-04 13:29:00,1,call,False,
INT-000594,AGT-020,2026-06-04 13:35:00,1,call,False,
INT-000114,AGT-004,2026-06-04 13:40:00,1,chat,False,
INT-000416,AGT-014,2026-06-04 13:48:00,1,chat,False,
INT-000177,AGT-006,2026-06-04 13:50:00,1,call,False,
INT-000462,AGT-016,2026-06-04 13:51:00,1,call,False,
INT-000481,AGT-017,2026-06-04 13:55:00,1,call,False,
INT-000254,AGT-009,2026-06-04 13:58:00,1,chat,False,
INT-000020,AGT-001,2026-06-04 14:02:00,1,call,False,
INT-000286,AGT-010,2026-06-04 14:23:00,1,call,False,
INT-000152,AGT-006,2026-06-04 14:41:00,1,call,False,
INT-000105,AGT-004,2026-06-04 14:45:00,1,chat,False,
INT-000575,AGT-020,2026-06-04 14:56:00,1,chat,False,
INT-000142,AGT-005,2026-06-04 15:05:00,1,chat,False,
INT-000072,AGT-003,2026-06-04 15:18:00,1,chat,True,other
INT-000355,AGT-012,2026-06-04 15:21:00,1,call,True,unresolved_handoff
INT-000399,AGT-014,2026-06-04 15:27:00,1,call,False,
INT-000252,AGT-009,2026-06-04 15:27:00,1,call,False,
INT-000194,AGT-007,2026-06-04 15:42:00,1,chat,False,
INT-000529,AGT-018,2026-06-04 15:44:00,1,chat,False,
INT-000019,AGT-001,2026-06-04 16:16:00,1,chat,False,
INT-000196,AGT-007,2026-06-04 16:17:00,1,chat,False,
INT-000034,AGT-002,2026-06-04 16:27:00,1,call,False,
INT-000283,AGT-010,2026-06-04 16:27:00,1,call,False,
INT-000441,AGT-015,2026-06-04 16:34:00,1,call,False,
INT-000585,AGT-020,2026-06-04 16:36:00,1,call,False,
INT-000581,AGT-020,2026-06-04 16:39:00,1,chat,False,
INT-000021,AGT-001,2026-06-04 16:39:00,1,call,False,
INT-000271,AGT-010,2026-06-04 16:45:00,1,chat,False,
INT-000345,AGT-012,2026-06-04 16:46:00,1,chat,False,
INT-000014,AGT-001,2026-06-04 16:56:00,1,call,False,
INT-000256,AGT-009,2026-06-04 17:06:00,1,chat,False,
INT-000458,AGT-016,2026-06-04 17:07:00,1,chat,False,
INT-000357,AGT-012,2026-06-04 17:08:00,1,chat,True,customer_disconnected_first
INT-000538,AGT-018,2026-06-04 17:09:00,1,call,False,
INT-000204,AGT-007,2026-06-04 17:15:00,1,chat,False,
INT-000243,AGT-009,2026-06-04 17:28:00,1,chat,False,
INT-000291,AGT-010,2026-06-04 17:35:00,1,chat,False,
INT-000541,AGT-019,2026-06-04 17:36:00,1,call,False,
INT-000381,AGT-013,2026-06-04 17:42:00,1,call,False,
INT-000464,AGT-016,2026-06-04 17:43:00,1,call,False,
INT-000573,AGT-020,2026-06-04 17:44:00,1,chat,False,
INT-000016,AGT-001,2026-06-04 17:50:00,1,call,False,
INT-000201,AGT-007,2026-06-04 17:57:00,1,call,False,
INT-000027,AGT-001,2026-06-04 17:59:00,1,chat,False,
INT-000197,AGT-007,2026-06-04 18:04:00,1,call,False,
INT-000484,AGT-017,2026-06-04 18:16:00,1,call,False,
INT-000373,AGT-013,2026-06-04 18:54:00,1,call,False,
INT-000107,AGT-004,2026-06-04 18:55:00,1,call,False,
INT-000171,AGT-006,2026-06-04 19:04:00,1,chat,False,
INT-000071,AGT-003,2026-06-04 19:04:00,1,call,True,internet_issue
INT-000109,AGT-004,2026-06-04 19:43:00,1,call,False,
INT-000483,AGT-017,2026-06-05 08:35:00,1,chat,False,
INT-000361,AGT-013,2026-06-05 08:56:00,1,call,False,
INT-000332,AGT-012,2026-06-05 08:59:00,1,call,False,
INT-000236,AGT-008,2026-06-05 08:59:00,1,call,False,
INT-000358,AGT-012,2026-06-05 09:06:00,1,call,False,
INT-000043,AGT-002,2026-06-05 09:10:00,1,chat,False,
INT-000108,AGT-004,2026-06-05 09:37:00,1,chat,False,
INT-000215,AGT-008,2026-06-05 09:40:00,1,call,False,
INT-000041,AGT-002,2026-06-05 09:45:00,1,call,False,
INT-000100,AGT-004,2026-06-05 10:20:00,1,call,False,
INT-000388,AGT-013,2026-06-05 10:28:00,1,chat,False,
INT-000354,AGT-012,2026-06-05 10:36:00,1,chat,True,power_issue
INT-000307,AGT-011,2026-06-05 10:39:00,1,call,False,
INT-000519,AGT-018,2026-06-05 10:44:00,1,call,False,
INT-000319,AGT-011,2026-06-05 10:50:00,1,chat,False,
INT-000160,AGT-006,2026-06-05 11:14:00,1,chat,False,
INT-000380,AGT-013,2026-06-05 11:19:00,1,chat,False,
INT-000523,AGT-018,2026-06-05 11:46:00,1,chat,False,
INT-000008,AGT-001,2026-06-05 12:04:00,1,chat,False,
INT-000275,AGT-010,2026-06-05 12:09:00,1,chat,False,
INT-000576,AGT-020,2026-06-05 12:10:00,1,call,False,
INT-000537,AGT-018,2026-06-05 12:15:00,1,call,True,internet_issue
INT-000279,AGT-010,2026-06-05 12:24:00,1,chat,False,
INT-000554,AGT-019,2026-06-05 12:36:00,1,chat,False,
INT-000285,AGT-010,2026-06-05 12:37:00,1,call,False,
INT-000524,AGT-018,2026-06-05 12:44:00,1,chat,True,power_issue
INT-000238,AGT-008,2026-06-05 12:46:00,1,call,False,
INT-000192,AGT-007,2026-06-05 13:25:00,1,call,False,
INT-000350,AGT-012,2026-06-05 13:26:00,1,chat,True,power_issue
INT-000479,AGT-016,2026-06-05 13:31:00,1,chat,False,
INT-000148,AGT-005,2026-06-05 13:32:00,1,chat,False,
INT-000489,AGT-017,2026-06-05 13:37:00,1,chat,False,
INT-000230,AGT-008,2026-06-05 13:51:00,1,call,False,
INT-000295,AGT-010,2026-06-05 13:53:00,1,call,False,
INT-000443,AGT-015,2026-06-05 13:57:00,1,chat,False,
INT-000408,AGT-014,2026-06-05 14:08:00,1,chat,False,
INT-000525,AGT-018,2026-06-05 14:21:00,1,chat,True,power_issue
INT-000546,AGT-019,2026-06-05 14:30:00,1,chat,False,
INT-000057,AGT-002,2026-06-05 14:54:00,1,call,False,
INT-000045,AGT-002,2026-06-05 15:17:00,1,call,False,
INT-000264,AGT-009,2026-06-05 15:23:00,1,call,False,
INT-000032,AGT-002,2026-06-05 15:36:00,1,call,False,
INT-000447,AGT-015,2026-06-05 15:59:00,1,chat,False,
INT-000591,AGT-020,2026-06-05 15:59:00,1,chat,False,
INT-000015,AGT-001,2026-06-05 16:05:00,1,call,False,
INT-000367,AGT-013,2026-06-05 16:07:00,1,chat,False,
INT-000052,AGT-002,2026-06-05 16:07:00,1,call,False,
INT-000231,AGT-008,2026-06-05 16:15:00,1,chat,False,
INT-000491,AGT-017,2026-06-05 16:20:00,1,call,False,
INT-000159,AGT-006,2026-06-05 16:32:00,1,chat,False,
INT-000280,AGT-010,2026-06-05 16:32:00,1,chat,False,
INT-000395,AGT-014,2026-06-05 16:50:00,1,call,True,internet_issue
INT-000259,AGT-009,2026-06-05 16:50:00,1,chat,False,
INT-000096,AGT-004,2026-06-05 17:44:00,1,call,False,
INT-000009,AGT-001,2026-06-05 17:45:00,1,call,False,
INT-000370,AGT-013,2026-06-05 17:54:00,1,chat,False,
INT-000553,AGT-019,2026-06-05 18:05:00,1,call,False,
INT-000514,AGT-018,2026-06-05 18:07:00,1,chat,True,internet_issue
INT-000402,AGT-014,2026-06-05 18:10:00,1,call,False,
INT-000539,AGT-018,2026-06-05 18:14:00,1,chat,True,power_issue
INT-000169,AGT-006,2026-06-05 18:24:00,1,call,False,
INT-000251,AGT-009,2026-06-05 18:29:00,1,call,False,
INT-000211,AGT-008,2026-06-05 18:36:00,1,chat,False,
INT-000472,AGT-016,2026-06-05 18:37:00,1,chat,False,
INT-000309,AGT-011,2026-06-05 18:44:00,1,call,False,
INT-000396,AGT-014,2026-06-05 18:46:00,1,chat,False,
INT-000348,AGT-012,2026-06-05 18:57:00,1,chat,False,
INT-000054,AGT-002,2026-06-05 18:58:00,1,call,True,customer_disconnected_first
INT-000305,AGT-011,2026-06-05 19:24:00,1,call,False,
INT-000508,AGT-017,2026-06-05 19:28:00,1,chat,False,
INT-000287,AGT-010,2026-06-05 19:30:00,1,call,False,
INT-000425,AGT-015,2026-06-05 19:50:00,1,call,False,
INT-000474,AGT-016,2026-06-05 19:50:00,1,call,False,
INT-000385,AGT-013,2026-06-05 19:51:00,1,call,False,
INT-000249,AGT-009,2026-06-06 08:09:00,1,call,False,
INT-000087,AGT-003,2026-06-06 08:25:00,1,chat,False,
INT-000325,AGT-011,2026-06-06 08:33:00,1,chat,False,
INT-000077,AGT-003,2026-06-06 08:39:00,1,call,False,
INT-000510,AGT-017,2026-06-06 08:42:00,1,call,False,
INT-000018,AGT-001,2026-06-06 08:47:00,1,chat,False,
INT-000494,AGT-017,2026-06-06 09:16:00,1,call,False,
INT-000343,AGT-012,2026-06-06 09:16:00,1,call,False,
INT-000235,AGT-008,2026-06-06 09:17:00,1,call,False,
INT-000306,AGT-011,2026-06-06 09:23:00,1,call,False,
INT-000117,AGT-004,2026-06-06 09:29:00,1,chat,False,
INT-000074,AGT-003,2026-06-06 09:43:00,1,call,False,
INT-000341,AGT-012,2026-06-06 10:09:00,1,chat,False,
INT-000310,AGT-011,2026-06-06 10:19:00,1,call,False,
INT-000549,AGT-019,2026-06-06 10:20:00,1,chat,False,
INT-000456,AGT-016,2026-06-06 10:30:00,1,call,False,
INT-000471,AGT-016,2026-06-06 10:30:00,1,chat,False,
INT-000477,AGT-016,2026-06-06 10:46:00,1,chat,False,
INT-000578,AGT-020,2026-06-06 10:47:00,1,chat,False,
INT-000342,AGT-012,2026-06-06 10:54:00,1,chat,True,power_issue
INT-000156,AGT-006,2026-06-06 10:56:00,1,chat,False,
INT-000237,AGT-008,2026-06-06 11:02:00,1,call,False,
INT-000036,AGT-002,2026-06-06 11:04:00,1,call,False,
INT-000260,AGT-009,2026-06-06 11:07:00,1,chat,False,
INT-000555,AGT-019,2026-06-06 11:14:00,1,chat,False,
INT-000346,AGT-012,2026-06-06 11:18:00,1,chat,True,other
INT-000101,AGT-004,2026-06-06 11:26:00,1,call,False,
INT-000493,AGT-017,2026-06-06 11:33:00,1,call,False,
INT-000515,AGT-018,2026-06-06 11:49:00,1,chat,False,
INT-000570,AGT-019,2026-06-06 11:49:00,1,call,False,
INT-000303,AGT-011,2026-06-06 11:50:00,1,call,False,
INT-000518,AGT-018,2026-06-06 12:03:00,1,chat,False,
INT-000122,AGT-005,2026-06-06 12:07:00,1,chat,False,
INT-000120,AGT-004,2026-06-06 12:31:00,1,call,False,
INT-000217,AGT-008,2026-06-06 12:32:00,1,call,False,
INT-000098,AGT-004,2026-06-06 12:41:00,1,chat,False,
INT-000335,AGT-012,2026-06-06 12:44:00,1,chat,False,
INT-000088,AGT-003,2026-06-06 12:49:00,1,call,False,
INT-000173,AGT-006,2026-06-06 12:55:00,1,chat,True,internet_issue
INT-000329,AGT-011,2026-06-06 13:18:00,1,chat,False,
INT-000004,AGT-001,2026-06-06 13:30:00,1,call,False,
INT-000198,AGT-007,2026-06-06 13:38:00,1,chat,False,
INT-000103,AGT-004,2026-06-06 13:46:00,1,call,False,
INT-000497,AGT-017,2026-06-06 13:48:00,1,call,False,
INT-000069,AGT-003,2026-06-06 14:25:00,1,call,False,
INT-000174,AGT-006,2026-06-06 14:28:00,1,call,False,
INT-000189,AGT-007,2026-06-06 14:31:00,1,call,False,
INT-000038,AGT-002,2026-06-06 14:32:00,1,call,False,
INT-000512,AGT-018,2026-06-06 14:38:00,1,chat,True,power_issue
INT-000185,AGT-007,2026-06-06 14:52:00,1,call,False,
INT-000234,AGT-008,2026-06-06 14:56:00,1,call,True,other
INT-000112,AGT-004,2026-06-06 15:03:00,1,call,False,
INT-000465,AGT-016,2026-06-06 15:05:00,1,call,False,
INT-000334,AGT-012,2026-06-06 15:10:00,1,call,False,
INT-000482,AGT-017,2026-06-06 15:14:00,1,call,False,
INT-000487,AGT-017,2026-06-06 15:18:00,1,call,False,
INT-000005,AGT-001,2026-06-06 15:24:00,1,chat,False,
INT-000413,AGT-014,2026-06-06 15:28:00,1,call,False,
INT-000183,AGT-007,2026-06-06 15:33:00,1,chat,False,
INT-000079,AGT-003,2026-06-06 15:55:00,1,chat,False,
INT-000137,AGT-005,2026-06-06 15:58:00,1,chat,False,
INT-000143,AGT-005,2026-06-06 16:03:00,1,call,False,
INT-000499,AGT-017,2026-06-06 16:08:00,1,call,False,
INT-000333,AGT-012,2026-06-06 16:16:00,1,chat,False,
INT-000548,AGT-019,2026-06-06 16:17:00,1,chat,False,
INT-000320,AGT-011,2026-06-06 16:22:00,1,call,False,
INT-000029,AGT-001,2026-06-06 16:41:00,1,call,False,
INT-000488,AGT-017,2026-06-06 16:55:00,1,chat,False,
INT-000053,AGT-002,2026-06-06 16:56:00,1,chat,False,
INT-000178,AGT-006,2026-06-06 17:02:00,1,call,False,
INT-000128,AGT-005,2026-06-06 17:25:00,1,call,False,
INT-000076,AGT-003,2026-06-06 17:25:00,1,call,False,
INT-000588,AGT-020,2026-06-06 17:27:00,1,chat,False,
INT-000130,AGT-005,2026-06-06 17:32:00,1,call,False,
INT-000184,AGT-007,2026-06-06 17:36:00,1,call,False,
INT-000003,AGT-001,2026-06-06 17:43:00,1,chat,False,
INT-000485,AGT-017,2026-06-06 17:43:00,1,chat,False,
INT-000135,AGT-005,2026-06-06 17:48:00,1,call,False,
INT-000083,AGT-003,2026-06-06 17:57:00,1,call,True,internet_issue
INT-000547,AGT-019,2026-06-06 17:57:00,1,chat,False,
INT-000065,AGT-003,2026-06-06 18:02:00,1,call,True,customer_disconnected_first
INT-000397,AGT-014,2026-06-06 18:05:00,1,call,False,
INT-000297,AGT-010,2026-06-06 18:06:00,1,chat,False,
INT-000060,AGT-002,2026-06-06 18:13:00,1,chat,False,
INT-000562,AGT-019,2026-06-06 18:17:00,1,call,False,
INT-000337,AGT-012,2026-06-06 18:19:00,1,call,False,
INT-000140,AGT-005,2026-06-06 18:26:00,1,call,False,
INT-000509,AGT-017,2026-06-06 18:30:00,1,chat,False,
INT-000300,AGT-010,2026-06-06 18:44:00,1,chat,False,
INT-000089,AGT-003,2026-06-06 18:47:00,1,chat,True,power_issue
INT-000094,AGT-004,2026-06-06 18:48:00,1,chat,False,
INT-000119,AGT-004,2026-06-06 18:49:00,1,chat,False,
INT-000269,AGT-009,2026-06-06 18:50:00,1,call,False,
INT-000272,AGT-010,2026-06-06 19:08:00,1,call,False,
INT-000315,AGT-011,2026-06-06 19:08:00,1,call,False,
INT-000411,AGT-014,2026-06-06 19:19:00,1,call,False,
INT-000125,AGT-005,2026-06-06 19:25:00,1,call,False,
INT-000398,AGT-014,2026-06-06 19:28:00,1,call,False,
INT-000321,AGT-011,2026-06-06 19:40:00,1,call,False,
INT-000417,AGT-014,2026-06-06 19:43:00,1,call,False,
INT-000478,AGT-016,2026-06-06 19:45:00,1,call,False,
INT-000590,AGT-020,2026-06-06 19:55:00,1,call,False,
INT-000273,AGT-010,2026-06-07 08:02:00,1,chat,False,
INT-000469,AGT-016,2026-06-07 08:08:00,1,call,False,
INT-000455,AGT-016,2026-06-07 08:10:00,1,chat,False,
INT-000134,AGT-005,2026-06-07 08:14:00,1,call,False,
INT-000157,AGT-006,2026-06-07 08:17:00,1,call,False,
INT-000326,AGT-011,2026-06-07 08:23:00,1,call,False,
INT-000557,AGT-019,2026-06-07 08:27:00,1,call,False,
INT-000180,AGT-006,2026-06-07 08:37:00,1,call,False,
INT-000258,AGT-009,2026-06-07 08:44:00,1,call,True,internet_issue
INT-000121,AGT-005,2026-06-07 09:05:00,1,chat,False,
INT-000597,AGT-020,2026-06-07 09:06:00,1,chat,False,
INT-000452,AGT-016,2026-06-07 09:16:00,1,call,False,
INT-000068,AGT-003,2026-06-07 09:17:00,1,chat,False,
INT-000179,AGT-006,2026-06-07 09:18:00,1,call,False,
INT-000584,AGT-020,2026-06-07 09:19:00,1,chat,False,
INT-000532,AGT-018,2026-06-07 09:24:00,1,call,True,power_issue
INT-000453,AGT-016,2026-06-07 09:43:00,1,chat,False,
INT-000383,AGT-013,2026-06-07 09:45:00,1,call,False,
INT-000316,AGT-011,2026-06-07 10:09:00,1,call,True,power_issue
INT-000090,AGT-003,2026-06-07 10:13:00,1,call,False,
INT-000466,AGT-016,2026-06-07 10:16:00,1,chat,False,
INT-000024,AGT-001,2026-06-07 10:16:00,1,call,False,
INT-000506,AGT-017,2026-06-07 10:32:00,1,chat,False,
INT-000422,AGT-015,2026-06-07 10:46:00,1,chat,False,
INT-000056,AGT-002,2026-06-07 11:12:00,1,chat,False,
INT-000299,AGT-010,2026-06-07 11:13:00,1,chat,False,
INT-000224,AGT-008,2026-06-07 11:20:00,1,chat,False,
INT-000026,AGT-001,2026-06-07 11:26:00,1,chat,False,
INT-000049,AGT-002,2026-06-07 11:32:00,1,chat,False,
INT-000213,AGT-008,2026-06-07 11:42:00,1,chat,False,
INT-000520,AGT-018,2026-06-07 11:55:00,1,chat,True,internet_issue
INT-000322,AGT-011,2026-06-07 12:03:00,1,chat,False,
INT-000420,AGT-014,2026-06-07 12:04:00,1,call,False,
INT-000012,AGT-001,2026-06-07 12:04:00,1,call,False,
INT-000091,AGT-004,2026-06-07 12:16:00,1,call,False,
INT-000284,AGT-010,2026-06-07 12:48:00,1,chat,False,
INT-000480,AGT-016,2026-06-07 13:16:00,1,chat,False,
INT-000202,AGT-007,2026-06-07 13:19:00,1,chat,False,
INT-000486,AGT-017,2026-06-07 13:27:00,1,chat,False,
INT-000589,AGT-020,2026-06-07 13:32:00,1,call,False,
INT-000437,AGT-015,2026-06-07 13:56:00,1,call,False,
INT-000195,AGT-007,2026-06-07 13:59:00,1,chat,False,
INT-000427,AGT-015,2026-06-07 14:04:00,1,call,False,
INT-000336,AGT-012,2026-06-07 14:08:00,1,chat,False,
INT-000582,AGT-020,2026-06-07 14:14:00,1,call,False,
INT-000149,AGT-005,2026-06-07 14:26:00,1,call,False,
INT-000454,AGT-016,2026-06-07 14:42:00,1,call,False,
INT-000526,AGT-018,2026-06-07 14:43:00,1,chat,True,internet_issue
INT-000162,AGT-006,2026-06-07 14:48:00,1,chat,False,
INT-000092,AGT-004,2026-06-07 14:53:00,1,call,False,
INT-000030,AGT-001,2026-06-07 14:56:00,1,call,False,
INT-000426,AGT-015,2026-06-07 14:58:00,1,call,True,customer_disconnected_first
INT-000126,AGT-005,2026-06-07 15:07:00,1,call,False,
INT-000391,AGT-014,2026-06-07 15:22:00,1,call,False,
INT-000404,AGT-014,2026-06-07 15:25:00,1,call,False,
INT-000222,AGT-008,2026-06-07 15:52:00,1,call,False,
INT-000434,AGT-015,2026-06-07 15:57:00,1,chat,False,
INT-000247,AGT-009,2026-06-07 16:11:00,1,call,False,
INT-000226,AGT-008,2026-06-07 16:12:00,1,chat,False,
INT-000245,AGT-009,2026-06-07 16:20:00,1,call,False,
INT-000011,AGT-001,2026-06-07 16:21:00,1,chat,False,
INT-000200,AGT-007,2026-06-07 16:38:00,1,call,True,power_issue
INT-000579,AGT-020,2026-06-07 16:38:00,1,chat,False,
INT-000206,AGT-007,2026-06-07 16:45:00,1,chat,False,
INT-000118,AGT-004,2026-06-07 17:12:00,1,chat,False,
INT-000580,AGT-020,2026-06-07 17:12:00,1,call,False,
INT-000007,AGT-001,2026-06-07 17:16:00,1,chat,False,
INT-000521,AGT-018,2026-06-07 17:25:00,1,call,True,other
INT-000282,AGT-010,2026-06-07 17:30:00,1,call,False,
INT-000115,AGT-004,2026-06-07 17:31:00,1,call,False,
INT-000111,AGT-004,2026-06-07 17:55:00,1,chat,False,
INT-000253,AGT-009,2026-06-07 18:17:00,1,call,False,
INT-000104,AGT-004,2026-06-07 18:29:00,1,chat,False,
INT-000540,AGT-018,2026-06-07 18:32:00,1,call,False,
INT-000344,AGT-012,2026-06-07 18:44:00,1,call,False,
INT-000166,AGT-006,2026-06-07 18:49:00,1,call,False,
INT-000277,AGT-010,2026-06-07 18:59:00,1,chat,False,
INT-000430,AGT-015,2026-06-07 18:59:00,1,call,False,
INT-000352,AGT-012,2026-06-07 19:01:00,1,chat,False,
INT-000139,AGT-005,2026-06-07 19:07:00,1,chat,False,
INT-000059,AGT-002,2026-06-07 19:09:00,1,chat,False,
INT-000123,AGT-005,2026-06-07 19:21:00,1,chat,False,
INT-000085,AGT-003,2026-06-07 19:35:00,1,call,True,power_issue
INT-000190,AGT-007,2026-06-07 19:37:00,1,chat,True,power_issue
INT-000387,AGT-013,2026-06-07 19:57:00,1,chat,False,
INT-000223,AGT-008,2026-06-07 19:57:00,1,chat,False,
INT-000787,AGT-007,2026-06-08 08:03:00,2,chat,False,
INT-000933,AGT-012,2026-06-08 08:25:00,2,call,True,power_issue
INT-001024,AGT-015,2026-06-08 08:51:00,2,call,False,
INT-000616,AGT-001,2026-06-08 08:55:00,2,chat,True,unresolved_handoff
INT-001066,AGT-016,2026-06-08 09:09:00,2,call,False,
INT-001096,AGT-017,2026-06-08 09:21:00,2,chat,False,
INT-001050,AGT-015,2026-06-08 09:26:00,2,chat,False,
INT-000617,AGT-001,2026-06-08 09:31:00,2,chat,False,
INT-001146,AGT-019,2026-06-08 09:37:00,2,chat,False,
INT-001057,AGT-016,2026-06-08 09:48:00,2,call,False,
INT-001053,AGT-016,2026-06-08 09:52:00,2,chat,False,
INT-000613,AGT-001,2026-06-08 10:06:00,2,chat,False,
INT-001060,AGT-016,2026-06-08 10:29:00,2,call,False,
INT-000750,AGT-005,2026-06-08 10:45:00,2,call,False,
INT-000919,AGT-011,2026-06-08 10:51:00,2,call,False,
INT-000934,AGT-012,2026-06-08 11:08:00,2,call,False,
INT-000648,AGT-002,2026-06-08 11:30:00,2,call,False,
INT-000902,AGT-011,2026-06-08 11:31:00,2,call,False,
INT-000955,AGT-012,2026-06-08 11:32:00,2,chat,False,
INT-000852,AGT-009,2026-06-08 11:40:00,2,call,False,
INT-001093,AGT-017,2026-06-08 11:41:00,2,call,False,
INT-000730,AGT-005,2026-06-08 12:17:00,2,chat,False,
INT-001112,AGT-018,2026-06-08 12:20:00,2,call,False,
INT-000941,AGT-012,2026-06-08 12:26:00,2,chat,True,other
INT-000887,AGT-010,2026-06-08 12:33:00,2,call,False,
INT-000869,AGT-009,2026-06-08 12:39:00,2,chat,False,
INT-000753,AGT-006,2026-06-08 12:44:00,2,call,False,
INT-000658,AGT-002,2026-06-08 12:50:00,2,chat,False,
INT-000839,AGT-008,2026-06-08 12:51:00,2,chat,False,
INT-000995,AGT-014,2026-06-08 13:19:00,2,call,False,
INT-001068,AGT-016,2026-06-08 13:27:00,2,call,False,
INT-001010,AGT-014,2026-06-08 13:28:00,2,chat,False,
INT-001164,AGT-019,2026-06-08 13:44:00,2,chat,False,
INT-000868,AGT-009,2026-06-08 13:47:00,2,chat,False,
INT-000735,AGT-005,2026-06-08 14:04:00,2,chat,False,
INT-000980,AGT-013,2026-06-08 14:10:00,2,call,False,
INT-000678,AGT-003,2026-06-08 14:15:00,2,call,False,
INT-000604,AGT-001,2026-06-08 14:20:00,2,chat,False,
INT-001049,AGT-015,2026-06-08 14:21:00,2,call,False,
INT-000755,AGT-006,2026-06-08 14:25:00,2,call,False,
INT-001169,AGT-019,2026-06-08 14:59:00,2,call,False,
INT-000889,AGT-010,2026-06-08 14:59:00,2,call,False,
INT-001067,AGT-016,2026-06-08 15:08:00,2,call,False,
INT-000827,AGT-008,2026-06-08 15:45:00,2,chat,False,
INT-000998,AGT-014,2026-06-08 15:46:00,2,call,False,
INT-000767,AGT-006,2026-06-08 15:55:00,2,chat,False,
INT-001195,AGT-020,2026-06-08 16:00:00,2,call,False,
INT-000640,AGT-002,2026-06-08 16:01:00,2,call,False,
INT-001021,AGT-015,2026-06-08 16:08:00,2,chat,False,
INT-001027,AGT-015,2026-06-08 16:13:00,2,call,False,
INT-001073,AGT-016,2026-06-08 16:20:00,2,call,False,
INT-001104,AGT-017,2026-06-08 16:28:00,2,chat,False,
INT-000893,AGT-010,2026-06-08 16:31:00,2,chat,False,
INT-001007,AGT-014,2026-06-08 16:34:00,2,call,False,
INT-000645,AGT-002,2026-06-08 16:38:00,2,chat,False,
INT-000984,AGT-013,2026-06-08 16:43:00,2,chat,True,internet_issue
INT-001120,AGT-018,2026-06-08 16:48:00,2,chat,True,power_issue
INT-001018,AGT-014,2026-06-08 17:02:00,2,call,False,
INT-000706,AGT-004,2026-06-08 17:29:00,2,chat,False,
INT-000996,AGT-014,2026-06-08 17:32:00,2,chat,False,
INT-000925,AGT-011,2026-06-08 17:43:00,2,call,False,
INT-000692,AGT-004,2026-06-08 17:44:00,2,chat,False,
INT-001118,AGT-018,2026-06-08 18:08:00,2,call,False,
INT-001111,AGT-018,2026-06-08 18:16:00,2,chat,True,internet_issue
INT-001095,AGT-017,2026-06-08 18:31:00,2,call,False,
INT-000997,AGT-014,2026-06-08 18:39:00,2,call,False,
INT-001106,AGT-017,2026-06-08 18:48:00,2,chat,False,
INT-001130,AGT-018,2026-06-08 18:54:00,2,chat,False,
INT-000819,AGT-008,2026-06-08 18:56:00,2,chat,False,
INT-000836,AGT-008,2026-06-08 19:22:00,2,call,False,
INT-001070,AGT-016,2026-06-08 19:22:00,2,chat,False,
INT-000825,AGT-008,2026-06-08 19:26:00,2,call,False,
INT-001055,AGT-016,2026-06-08 19:30:00,2,chat,False,
INT-001006,AGT-014,2026-06-08 19:42:00,2,chat,False,
INT-000670,AGT-003,2026-06-08 19:43:00,2,chat,False,
INT-001075,AGT-016,2026-06-08 19:48:00,2,chat,False,
INT-001058,AGT-016,2026-06-09 08:00:00,2,call,False,
INT-000666,AGT-003,2026-06-09 08:04:00,2,call,False,
INT-001074,AGT-016,2026-06-09 08:28:00,2,chat,False,
INT-000659,AGT-002,2026-06-09 08:37:00,2,chat,False,
INT-000810,AGT-007,2026-06-09 08:37:00,2,chat,False,
INT-000967,AGT-013,2026-06-09 08:44:00,2,call,False,
INT-000932,AGT-012,2026-06-09 08:45:00,2,chat,False,
INT-000629,AGT-001,2026-06-09 08:51:00,2,call,False,
INT-000614,AGT-001,2026-06-09 08:58:00,2,call,False,
INT-000870,AGT-009,2026-06-09 09:05:00,2,chat,False,
INT-000652,AGT-002,2026-06-09 09:11:00,2,chat,False,
INT-000999,AGT-014,2026-06-09 09:14:00,2,chat,False,
INT-001151,AGT-019,2026-06-09 09:14:00,2,chat,False,
INT-000963,AGT-013,2026-06-09 09:15:00,2,chat,False,
INT-001004,AGT-014,2026-06-09 09:19:00,2,call,False,
INT-000957,AGT-012,2026-06-09 09:28:00,2,chat,False,
INT-000978,AGT-013,2026-06-09 09:34:00,2,call,False,
INT-001086,AGT-017,2026-06-09 09:41:00,2,chat,False,
INT-000991,AGT-014,2026-06-09 09:50:00,2,call,False,
INT-000707,AGT-004,2026-06-09 09:55:00,2,chat,False,
INT-001041,AGT-015,2026-06-09 09:58:00,2,call,False,
INT-000799,AGT-007,2026-06-09 10:00:00,2,chat,False,
INT-000751,AGT-006,2026-06-09 10:06:00,2,chat,False,
INT-001178,AGT-020,2026-06-09 10:12:00,2,call,False,
INT-000911,AGT-011,2026-06-09 10:38:00,2,call,False,
INT-000674,AGT-003,2026-06-09 10:42:00,2,call,True,internet_issue
INT-000918,AGT-011,2026-06-09 10:49:00,2,chat,False,
INT-001005,AGT-014,2026-06-09 10:56:00,2,chat,False,
INT-001153,AGT-019,2026-06-09 11:02:00,2,chat,False,
INT-000714,AGT-004,2026-06-09 11:07:00,2,chat,False,
INT-001158,AGT-019,2026-06-09 11:10:00,2,chat,False,
INT-000742,AGT-005,2026-06-09 11:11:00,2,chat,False,
INT-001148,AGT-019,2026-06-09 11:20:00,2,chat,False,
INT-000872,AGT-010,2026-06-09 11:29:00,2,chat,False,
INT-000701,AGT-004,2026-06-09 11:51:00,2,chat,False,
INT-001159,AGT-019,2026-06-09 11:53:00,2,call,False,
INT-000630,AGT-001,2026-06-09 12:04:00,2,call,False,
INT-000807,AGT-007,2026-06-09 12:11:00,2,call,False,
INT-001184,AGT-020,2026-06-09 12:16:00,2,call,False,
INT-001092,AGT-017,2026-06-09 12:16:00,2,chat,False,
INT-000756,AGT-006,2026-06-09 12:18:00,2,chat,False,
INT-000802,AGT-007,2026-06-09 12:19:00,2,call,True,power_issue
INT-000729,AGT-005,2026-06-09 12:41:00,2,chat,False,
INT-000958,AGT-012,2026-06-09 12:41:00,2,call,True,power_issue
INT-001051,AGT-016,2026-06-09 12:43:00,2,call,False,
INT-001085,AGT-017,2026-06-09 12:44:00,2,chat,False,
INT-000803,AGT-007,2026-06-09 12:55:00,2,chat,False,
INT-000915,AGT-011,2026-06-09 13:06:00,2,chat,False,
INT-000693,AGT-004,2026-06-09 13:07:00,2,chat,False,
INT-000672,AGT-003,2026-06-09 13:07:00,2,call,False,
INT-000926,AGT-011,2026-06-09 13:18:00,2,chat,False,
INT-001190,AGT-020,2026-06-09 13:20:00,2,call,False,
INT-000769,AGT-006,2026-06-09 13:25:00,2,call,False,
INT-001123,AGT-018,2026-06-09 13:28:00,2,chat,True,power_issue
INT-000864,AGT-009,2026-06-09 13:33:00,2,chat,False,
INT-001168,AGT-019,2026-06-09 13:40:00,2,call,False,
INT-000851,AGT-009,2026-06-09 13:42:00,2,chat,False,
INT-000717,AGT-004,2026-06-09 13:46:00,2,chat,False,
INT-000829,AGT-008,2026-06-09 13:52:00,2,call,False,
INT-001014,AGT-014,2026-06-09 14:15:00,2,call,False,
INT-001037,AGT-015,2026-06-09 14:34:00,2,call,False,
INT-000783,AGT-007,2026-06-09 14:55:00,2,call,True,power_issue
INT-000696,AGT-004,2026-06-09 15:08:00,2,call,False,
INT-000682,AGT-003,2026-06-09 15:09:00,2,chat,False,
INT-000992,AGT-014,2026-06-09 15:48:00,2,call,False,
INT-000615,AGT-001,2026-06-09 15:53:00,2,call,False,
INT-000622,AGT-001,2026-06-09 15:57:00,2,chat,False,
INT-000945,AGT-012,2026-06-09 16:07:00,2,call,True,power_issue
INT-001131,AGT-018,2026-06-09 16:13:00,2,chat,False,
INT-000965,AGT-013,2026-06-09 16:36:00,2,chat,False,
INT-000835,AGT-008,2026-06-09 16:48:00,2,chat,False,
INT-001077,AGT-016,2026-06-09 16:52:00,2,call,False,
INT-001042,AGT-015,2026-06-09 16:58:00,2,chat,False,
INT-000711,AGT-004,2026-06-09 17:00:00,2,call,False,
INT-000788,AGT-007,2026-06-09 17:03:00,2,chat,False,
INT-000822,AGT-008,2026-06-09 17:08:00,2,call,True,customer_disconnected_first
INT-000708,AGT-004,2026-06-09 17:18:00,2,chat,False,
INT-000860,AGT-009,2026-06-09 17:23:00,2,chat,False,
INT-001020,AGT-014,2026-06-09 17:24:00,2,chat,False,
INT-001181,AGT-020,2026-06-09 17:30:00,2,chat,False,
INT-001054,AGT-016,2026-06-09 17:36:00,2,chat,False,
INT-000779,AGT-006,2026-06-09 17:41:00,2,chat,False,
INT-000920,AGT-011,2026-06-09 17:45:00,2,chat,False,
INT-000764,AGT-006,2026-06-09 17:53:00,2,call,False,
INT-000662,AGT-003,2026-06-09 17:54:00,2,call,False,
INT-001122,AGT-018,2026-06-09 18:01:00,2,call,False,
INT-000859,AGT-009,2026-06-09 18:04:00,2,chat,False,
INT-000900,AGT-010,2026-06-09 18:09:00,2,call,False,
INT-000913,AGT-011,2026-06-09 18:12:00,2,chat,True,power_issue
INT-000634,AGT-002,2026-06-09 18:13:00,2,chat,False,
INT-000993,AGT-014,2026-06-09 18:19:00,2,call,False,
INT-001176,AGT-020,2026-06-09 18:24:00,2,chat,False,
INT-000946,AGT-012,2026-06-09 18:52:00,2,call,False,
INT-001080,AGT-016,2026-06-09 18:55:00,2,call,False,
INT-000790,AGT-007,2026-06-09 19:03:00,2,chat,False,
INT-000987,AGT-013,2026-06-09 19:10:00,2,call,False,
INT-000607,AGT-001,2026-06-09 19:26:00,2,chat,False,
INT-001121,AGT-018,2026-06-09 19:38:00,2,chat,False,
INT-000907,AGT-011,2026-06-09 19:48:00,2,chat,False,
INT-000953,AGT-012,2026-06-09 19:50:00,2,call,False,
INT-000709,AGT-004,2026-06-09 19:56:00,2,call,False,
INT-000777,AGT-006,2026-06-09 19:58:00,2,call,False,
INT-001059,AGT-016,2026-06-10 08:00:00,2,call,False,
INT-000685,AGT-003,2026-06-10 08:04:00,2,chat,True,power_issue
INT-001022,AGT-015,2026-06-10 08:09:00,2,chat,False,
INT-000647,AGT-002,2026-06-10 08:24:00,2,call,False,
INT-000882,AGT-010,2026-06-10 08:25:00,2,chat,False,
INT-001180,AGT-020,2026-06-10 08:34:00,2,chat,False,
INT-000833,AGT-008,2026-06-10 08:39:00,2,chat,False,
INT-000655,AGT-002,2026-06-10 08:41:00,2,chat,False,
INT-000732,AGT-005,2026-06-10 08:42:00,2,call,False,
INT-000837,AGT-008,2026-06-10 08:43:00,2,call,True,customer_disconnected_first
INT-000975,AGT-013,2026-06-10 08:45:00,2,chat,False,
INT-000762,AGT-006,2026-06-10 08:53:00,2,call,False,
INT-000885,AGT-010,2026-06-10 09:09:00,2,call,False,
INT-000681,AGT-003,2026-06-10 09:17:00,2,chat,False,
INT-001134,AGT-018,2026-06-10 09:34:00,2,chat,False,
INT-000698,AGT-004,2026-06-10 09:45:00,2,call,False,
INT-001174,AGT-020,2026-06-10 09:50:00,2,call,False,
INT-000884,AGT-010,2026-06-10 10:15:00,2,chat,False,
INT-000848,AGT-009,2026-06-10 10:22:00,2,chat,False,
INT-000850,AGT-009,2026-06-10 10:35:00,2,chat,False,
INT-000759,AGT-006,2026-06-10 10:41:00,2,call,False,
INT-000641,AGT-002,2026-06-10 10:43:00,2,call,False,
INT-000904,AGT-011,2026-06-10 10:45:00,2,chat,False,
INT-000880,AGT-010,2026-06-10 10:49:00,2,call,False,
INT-000940,AGT-012,2026-06-10 10:52:00,2,chat,False,
INT-000712,AGT-004,2026-06-10 11:04:00,2,chat,False,
INT-000687,AGT-003,2026-06-10 11:16:00,2,call,False,
INT-000719,AGT-004,2026-06-10 11:19:00,2,call,False,
INT-000983,AGT-013,2026-06-10 11:22:00,2,call,False,
INT-000936,AGT-012,2026-06-10 11:28:00,2,chat,True,power_issue
INT-001125,AGT-018,2026-06-10 11:28:00,2,call,False,
INT-000676,AGT-003,2026-06-10 11:30:00,2,call,True,customer_disconnected_first
INT-001172,AGT-020,2026-06-10 11:31:00,2,chat,False,
INT-001117,AGT-018,2026-06-10 11:45:00,2,call,True,internet_issue
INT-000961,AGT-013,2026-06-10 11:50:00,2,call,False,
INT-000981,AGT-013,2026-06-10 11:50:00,2,chat,False,
INT-001107,AGT-017,2026-06-10 11:52:00,2,chat,False,
INT-000873,AGT-010,2026-06-10 12:03:00,2,chat,False,
INT-000979,AGT-013,2026-06-10 12:21:00,2,chat,False,
INT-001090,AGT-017,2026-06-10 12:33:00,2,chat,False,
INT-001198,AGT-020,2026-06-10 12:41:00,2,call,False,
INT-001088,AGT-017,2026-06-10 12:53:00,2,call,False,
INT-000688,AGT-003,2026-06-10 12:58:00,2,call,True,power_issue
INT-000668,AGT-003,2026-06-10 13:01:00,2,call,True,other
INT-001048,AGT-015,2026-06-10 13:10:00,2,call,False,
INT-000657,AGT-002,2026-06-10 13:19:00,2,call,False,
INT-000791,AGT-007,2026-06-10 13:40:00,2,chat,False,
INT-000793,AGT-007,2026-06-10 13:50:00,2,chat,True,internet_issue
INT-000823,AGT-008,2026-06-10 14:00:00,2,call,False,
INT-000731,AGT-005,2026-06-10 14:07:00,2,chat,False,
INT-001064,AGT-016,2026-06-10 14:08:00,2,call,False,
INT-001129,AGT-018,2026-06-10 14:17:00,2,call,False,
INT-000817,AGT-008,2026-06-10 14:48:00,2,call,False,
INT-001062,AGT-016,2026-06-10 15:10:00,2,chat,False,
INT-001094,AGT-017,2026-06-10 15:23:00,2,call,False,
INT-000949,AGT-012,2026-06-10 15:28:00,2,call,False,
INT-000866,AGT-009,2026-06-10 15:34:00,2,call,False,
INT-000656,AGT-002,2026-06-10 15:45:00,2,call,True,internet_issue
INT-000924,AGT-011,2026-06-10 15:53:00,2,call,False,
INT-000800,AGT-007,2026-06-10 15:57:00,2,chat,True,internet_issue
INT-000775,AGT-006,2026-06-10 16:06:00,2,call,False,
INT-001046,AGT-015,2026-06-10 16:11:00,2,call,False,
INT-001102,AGT-017,2026-06-10 16:14:00,2,chat,True,unresolved_handoff
INT-000710,AGT-004,2026-06-10 16:15:00,2,call,False,
INT-000858,AGT-009,2026-06-10 16:55:00,2,chat,False,
INT-000847,AGT-009,2026-06-10 17:05:00,2,call,False,
INT-000774,AGT-006,2026-06-10 17:10:00,2,chat,False,
INT-000964,AGT-013,2026-06-10 17:11:00,2,chat,False,
INT-000780,AGT-006,2026-06-10 17:12:00,2,call,False,
INT-000746,AGT-005,2026-06-10 17:12:00,2,call,False,
INT-000974,AGT-013,2026-06-10 17:39:00,2,chat,False,
INT-001114,AGT-018,2026-06-10 17:43:00,2,chat,False,
INT-000776,AGT-006,2026-06-10 17:50:00,2,call,True,customer_disconnected_first
INT-001002,AGT-014,2026-06-10 18:10:00,2,chat,False,
INT-000857,AGT-009,2026-06-10 18:15:00,2,call,False,
INT-000815,AGT-008,2026-06-10 18:21:00,2,call,False,
INT-000818,AGT-008,2026-06-10 18:26:00,2,call,False,
INT-000976,AGT-013,2026-06-10 18:29:00,2,chat,False,
INT-000651,AGT-002,2026-06-10 18:41:00,2,call,False,
INT-001163,AGT-019,2026-06-10 18:53:00,2,chat,False,
INT-000846,AGT-009,2026-06-10 18:55:00,2,chat,False,
INT-001098,AGT-017,2026-06-10 19:01:00,2,call,False,
INT-001003,AGT-014,2026-06-10 19:07:00,2,call,False,
INT-000713,AGT-004,2026-06-10 19:15:00,2,chat,False,
INT-001061,AGT-016,2026-06-10 19:19:00,2,call,False,
INT-000605,AGT-001,2026-06-10 19:19:00,2,call,False,
INT-000754,AGT-006,2026-06-10 19:19:00,2,call,False,
INT-000821,AGT-008,2026-06-11 08:02:00,2,chat,False,
INT-000844,AGT-009,2026-06-11 08:06:00,2,call,False,
INT-000935,AGT-012,2026-06-11 08:07:00,2,call,True,internet_issue
INT-001188,AGT-020,2026-06-11 08:13:00,2,call,False,
INT-000632,AGT-002,2026-06-11 08:18:00,2,chat,False,
INT-001109,AGT-017,2026-06-11 08:28:00,2,call,False,
INT-001183,AGT-020,2026-06-11 08:40:00,2,chat,False,
INT-001028,AGT-015,2026-06-11 08:48:00,2,chat,False,
INT-000633,AGT-002,2026-06-11 08:52:00,2,chat,False,
INT-000875,AGT-010,2026-06-11 08:56:00,2,call,False,
INT-000792,AGT-007,2026-06-11 09:00:00,2,call,False,
INT-001166,AGT-019,2026-06-11 09:15:00,2,call,False,
INT-000778,AGT-006,2026-06-11 09:23:00,2,chat,False,
INT-000930,AGT-011,2026-06-11 09:24:00,2,call,False,
INT-000773,AGT-006,2026-06-11 09:34:00,2,call,False,
INT-000637,AGT-002,2026-06-11 09:39:00,2,chat,False,
INT-000646,AGT-002,2026-06-11 09:40:00,2,chat,False,
INT-001016,AGT-014,2026-06-11 09:41:00,2,call,False,
INT-000862,AGT-009,2026-06-11 09:45:00,2,call,False,
INT-000665,AGT-003,2026-06-11 09:47:00,2,call,False,
INT-000989,AGT-013,2026-06-11 09:49:00,2,chat,False,
INT-001187,AGT-020,2026-06-11 09:53:00,2,call,False,
INT-000680,AGT-003,2026-06-11 09:57:00,2,call,False,
INT-001008,AGT-014,2026-06-11 10:01:00,2,chat,False,
INT-000890,AGT-010,2026-06-11 10:12:00,2,chat,False,
INT-000973,AGT-013,2026-06-11 10:16:00,2,chat,False,
INT-000612,AGT-001,2026-06-11 10:31:00,2,chat,False,
INT-000675,AGT-003,2026-06-11 10:42:00,2,chat,True,internet_issue
INT-001186,AGT-020,2026-06-11 10:45:00,2,call,False,
INT-000667,AGT-003,2026-06-11 11:00:00,2,call,False,
INT-000703,AGT-004,2026-06-11 11:22:00,2,chat,False,
INT-001072,AGT-016,2026-06-11 11:26:00,2,call,False,
INT-000653,AGT-002,2026-06-11 11:27:00,2,call,False,
INT-000727,AGT-005,2026-06-11 11:39:00,2,call,False,
INT-001082,AGT-017,2026-06-11 11:41:00,2,call,False,
INT-001025,AGT-015,2026-06-11 11:46:00,2,chat,False,
INT-000726,AGT-005,2026-06-11 11:50:00,2,call,False,
INT-000977,AGT-013,2026-06-11 11:52:00,2,chat,False,
INT-000623,AGT-001,2026-06-11 11:55:00,2,call,False,
INT-001083,AGT-017,2026-06-11 12:11:00,2,call,False,
INT-001127,AGT-018,2026-06-11 12:22:00,2,chat,False,
INT-000942,AGT-012,2026-06-11 12:40:00,2,chat,False,
INT-000679,AGT-003,2026-06-11 12:44:00,2,call,False,
INT-000739,AGT-005,2026-06-11 13:01:00,2,call,False,
INT-000898,AGT-010,2026-06-11 13:05:00,2,chat,False,
INT-001101,AGT-017,2026-06-11 13:08:00,2,call,False,
INT-000748,AGT-005,2026-06-11 13:17:00,2,chat,False,
INT-000867,AGT-009,2026-06-11 13:18:00,2,chat,False,
INT-000715,AGT-004,2026-06-11 13:28:00,2,call,False,
INT-000677,AGT-003,2026-06-11 13:39:00,2,call,False,
INT-001001,AGT-014,2026-06-11 13:44:00,2,chat,False,
INT-000923,AGT-011,2026-06-11 13:45:00,2,call,False,
INT-000734,AGT-005,2026-06-11 14:01:00,2,call,False,
INT-000914,AGT-011,2026-06-11 14:31:00,2,call,False,
INT-001142,AGT-019,2026-06-11 14:36:00,2,chat,False,
INT-001110,AGT-017,2026-06-11 15:03:00,2,chat,False,
INT-000626,AGT-001,2026-06-11 15:14:00,2,chat,False,
INT-001175,AGT-020,2026-06-11 15:14:00,2,call,False,
INT-000663,AGT-003,2026-06-11 15:16:00,2,chat,False,
INT-000950,AGT-012,2026-06-11 15:34:00,2,call,False,
INT-000820,AGT-008,2026-06-11 15:36:00,2,chat,False,
INT-000896,AGT-010,2026-06-11 15:45:00,2,chat,False,
INT-001179,AGT-020,2026-06-11 15:46:00,2,call,False,
INT-000879,AGT-010,2026-06-11 15:48:00,2,chat,False,
INT-000908,AGT-011,2026-06-11 15:51:00,2,call,False,
INT-000642,AGT-002,2026-06-11 16:05:00,2,call,False,
INT-001091,AGT-017,2026-06-11 16:10:00,2,chat,False,
INT-001036,AGT-015,2026-06-11 16:12:00,2,chat,False,
INT-001030,AGT-015,2026-06-11 16:20:00,2,call,False,
INT-000625,AGT-001,2026-06-11 16:21:00,2,call,False,
INT-000895,AGT-010,2026-06-11 16:31:00,2,chat,False,
INT-001063,AGT-016,2026-06-11 16:33:00,2,chat,False,
INT-001155,AGT-019,2026-06-11 16:36:00,2,chat,False,
INT-000782,AGT-007,2026-06-11 16:54:00,2,chat,False,
INT-001100,AGT-017,2026-06-11 16:57:00,2,chat,False,
INT-000772,AGT-006,2026-06-11 16:58:00,2,chat,False,
INT-000828,AGT-008,2026-06-11 16:59:00,2,call,False,
INT-001165,AGT-019,2026-06-11 17:03:00,2,call,False,
INT-000891,AGT-010,2026-06-11 17:10:00,2,call,False,
INT-000627,AGT-001,2026-06-11 17:13:00,2,chat,False,
INT-000927,AGT-011,2026-06-11 17:16:00,2,chat,False,
INT-000834,AGT-008,2026-06-11 17:22:00,2,chat,False,
INT-001017,AGT-014,2026-06-11 17:34:00,2,chat,False,
INT-001138,AGT-018,2026-06-11 17:36:00,2,chat,True,other
INT-000811,AGT-008,2026-06-11 17:42:00,2,call,False,
INT-000705,AGT-004,2026-06-11 17:57:00,2,call,False,
INT-000874,AGT-010,2026-06-11 18:10:00,2,call,False,
INT-001189,AGT-020,2026-06-11 18:14:00,2,chat,False,
INT-000878,AGT-010,2026-06-11 18:18:00,2,call,False,
INT-000601,AGT-001,2026-06-11 18:21:00,2,chat,False,
INT-000894,AGT-010,2026-06-11 18:24:00,2,chat,False,
INT-001149,AGT-019,2026-06-11 18:26:00,2,call,False,
INT-001105,AGT-017,2026-06-11 18:26:00,2,chat,False,
INT-000906,AGT-011,2026-06-11 18:42:00,2,call,False,
INT-000741,AGT-005,2026-06-11 18:42:00,2,chat,False,
INT-001167,AGT-019,2026-06-11 18:44:00,2,chat,False,
INT-001084,AGT-017,2026-06-11 18:48:00,2,call,False,
INT-000937,AGT-012,2026-06-11 19:23:00,2,call,True,power_issue
INT-000631,AGT-002,2026-06-11 19:26:00,2,call,False,
INT-001154,AGT-019,2026-06-11 19:30:00,2,chat,False,
INT-001038,AGT-015,2026-06-11 19:32:00,2,chat,False,
INT-001099,AGT-017,2026-06-11 19:39:00,2,chat,False,
INT-000939,AGT-012,2026-06-11 19:43:00,2,call,False,
INT-000733,AGT-005,2026-06-11 19:48:00,2,call,False,
INT-001140,AGT-018,2026-06-11 19:53:00,2,chat,False,
INT-000744,AGT-005,2026-06-12 08:04:00,2,chat,False,
INT-000722,AGT-005,2026-06-12 08:06:00,2,chat,False,
INT-001182,AGT-020,2026-06-12 08:06:00,2,chat,False,
INT-000948,AGT-012,2026-06-12 08:10:00,2,chat,False,
INT-000922,AGT-011,2026-06-12 08:11:00,2,chat,False,
INT-000689,AGT-003,2026-06-12 08:13:00,2,call,False,
INT-000943,AGT-012,2026-06-12 08:24:00,2,chat,False,
INT-000910,AGT-011,2026-06-12 08:27:00,2,chat,False,
INT-001097,AGT-017,2026-06-12 08:39:00,2,chat,False,
INT-000865,AGT-009,2026-06-12 08:44:00,2,chat,False,
INT-001044,AGT-015,2026-06-12 08:49:00,2,call,False,
INT-001199,AGT-020,2026-06-12 09:47:00,2,chat,False,
INT-001043,AGT-015,2026-06-12 09:51:00,2,chat,False,
INT-001113,AGT-018,2026-06-12 09:52:00,2,chat,False,
INT-000806,AGT-007,2026-06-12 09:55:00,2,chat,False,
INT-001012,AGT-014,2026-06-12 09:55:00,2,call,False,
INT-001144,AGT-019,2026-06-12 09:55:00,2,call,False,
INT-000738,AGT-005,2026-06-12 10:09:00,2,chat,False,
INT-000855,AGT-009,2026-06-12 10:14:00,2,chat,False,
INT-001171,AGT-020,2026-06-12 10:15:00,2,call,False,
INT-001019,AGT-014,2026-06-12 10:27:00,2,chat,False,
INT-001147,AGT-019,2026-06-12 10:42:00,2,chat,False,
INT-000809,AGT-007,2026-06-12 10:44:00,2,chat,False,
INT-000897,AGT-010,2026-06-12 11:01:00,2,call,False,
INT-001035,AGT-015,2026-06-12 11:17:00,2,call,True,customer_disconnected_first
INT-000728,AGT-005,2026-06-12 11:18:00,2,chat,False,
INT-001009,AGT-014,2026-06-12 11:22:00,2,chat,False,
INT-001160,AGT-019,2026-06-12 12:08:00,2,chat,False,
INT-000643,AGT-002,2026-06-12 12:11:00,2,chat,False,
INT-001197,AGT-020,2026-06-12 12:22:00,2,chat,False,
INT-000982,AGT-013,2026-06-12 12:28:00,2,chat,False,
INT-000654,AGT-002,2026-06-12 12:32:00,2,chat,False,
INT-000901,AGT-011,2026-06-12 12:39:00,2,chat,False,
INT-001143,AGT-019,2026-06-12 12:47:00,2,chat,False,
INT-000863,AGT-009,2026-06-12 12:54:00,2,call,False,
INT-000618,AGT-001,2026-06-12 13:22:00,2,call,False,
INT-001150,AGT-019,2026-06-12 13:25:00,2,call,False,
INT-000853,AGT-009,2026-06-12 13:49:00,2,chat,False,
INT-000609,AGT-001,2026-06-12 14:04:00,2,chat,False,
INT-000854,AGT-009,2026-06-12 14:11:00,2,call,False,
INT-001152,AGT-019,2026-06-12 14:16:00,2,call,False,
INT-000905,AGT-011,2026-06-12 14:34:00,2,chat,False,
INT-000603,AGT-001,2026-06-12 14:45:00,2,chat,False,
INT-000743,AGT-005,2026-06-12 15:12:00,2,call,False,
INT-000831,AGT-008,2026-06-12 15:19:00,2,call,False,
INT-000610,AGT-001,2026-06-12 15:24:00,2,call,False,
INT-000723,AGT-005,2026-06-12 15:26:00,2,call,False,
INT-000644,AGT-002,2026-06-12 15:28:00,2,chat,False,
INT-001065,AGT-016,2026-06-12 15:28:00,2,call,False,
INT-000990,AGT-013,2026-06-12 15:51:00,2,call,False,
INT-000985,AGT-013,2026-06-12 15:53:00,2,call,False,
INT-000736,AGT-005,2026-06-12 15:55:00,2,chat,False,
INT-000830,AGT-008,2026-06-12 16:06:00,2,chat,False,
INT-001139,AGT-018,2026-06-12 16:07:00,2,chat,False,
INT-001029,AGT-015,2026-06-12 16:10:00,2,chat,False,
INT-000638,AGT-002,2026-06-12 16:11:00,2,chat,False,
INT-000795,AGT-007,2026-06-12 16:11:00,2,chat,False,
INT-000740,AGT-005,2026-06-12 16:18:00,2,call,False,
INT-000916,AGT-011,2026-06-12 16:36:00,2,call,False,
INT-000856,AGT-009,2026-06-12 16:49:00,2,chat,False,
INT-000944,AGT-012,2026-06-12 16:52:00,2,call,False,
INT-000606,AGT-001,2026-06-12 17:13:00,2,call,False,
INT-001119,AGT-018,2026-06-12 17:15:00,2,call,False,
INT-000986,AGT-013,2026-06-12 17:26:00,2,call,False,
INT-001162,AGT-019,2026-06-12 17:37:00,2,call,False,
INT-000969,AGT-013,2026-06-12 17:55:00,2,chat,False,
INT-000608,AGT-001,2026-06-12 17:57:00,2,call,False,
INT-000619,AGT-001,2026-06-12 18:07:00,2,call,False,
INT-000959,AGT-012,2026-06-12 18:08:00,2,chat,False,
INT-000620,AGT-001,2026-06-12 18:20:00,2,chat,False,
INT-000737,AGT-005,2026-06-12 18:31:00,2,chat,True,customer_disconnected_first
INT-000956,AGT-012,2026-06-12 18:55:00,2,call,False,
INT-000690,AGT-003,2026-06-12 19:21:00,2,chat,False,
INT-000683,AGT-003,2026-06-12 19:29:00,2,call,True,internet_issue
INT-000812,AGT-008,2026-06-12 19:39:00,2,chat,False,
INT-001032,AGT-015,2026-06-12 19:45:00,2,call,False,
INT-000988,AGT-013,2026-06-12 19:47:00,2,call,False,
INT-000749,AGT-005,2026-06-12 19:49:00,2,call,False,
INT-000752,AGT-006,2026-06-12 19:50:00,2,call,False,
INT-000635,AGT-002,2026-06-13 08:04:00,2,chat,False,
INT-000664,AGT-003,2026-06-13 08:21:00,2,call,False,
INT-001170,AGT-019,2026-06-13 08:30:00,2,call,False,
INT-000699,AGT-004,2026-06-13 08:39:00,2,call,False,
INT-000785,AGT-007,2026-06-13 09:05:00,2,call,False,
INT-000903,AGT-011,2026-06-13 09:05:00,2,chat,False,
INT-000797,AGT-007,2026-06-13 09:06:00,2,call,False,
INT-000786,AGT-007,2026-06-13 09:09:00,2,chat,False,
INT-001023,AGT-015,2026-06-13 09:23:00,2,call,False,
INT-000832,AGT-008,2026-06-13 09:27:00,2,chat,False,
INT-000972,AGT-013,2026-06-13 09:37:00,2,chat,False,
INT-001033,AGT-015,2026-06-13 10:01:00,2,call,False,
INT-000888,AGT-010,2026-06-13 10:03:00,2,chat,False,
INT-001141,AGT-019,2026-06-13 10:04:00,2,chat,False,
INT-000824,AGT-008,2026-06-13 10:08:00,2,chat,False,
INT-000763,AGT-006,2026-06-13 10:28:00,2,chat,False,
INT-001132,AGT-018,2026-06-13 10:37:00,2,call,False,
INT-000624,AGT-001,2026-06-13 10:44:00,2,call,False,
INT-000845,AGT-009,2026-06-13 10:47:00,2,chat,False,
INT-000912,AGT-011,2026-06-13 10:54:00,2,call,False,
INT-000694,AGT-004,2026-06-13 11:04:00,2,chat,False,
INT-001078,AGT-016,2026-06-13 11:19:00,2,call,False,
INT-000602,AGT-001,2026-06-13 11:20:00,2,call,False,
INT-001045,AGT-015,2026-06-13 11:32:00,2,chat,False,
INT-000952,AGT-012,2026-06-13 11:42:00,2,call,True,power_issue
INT-000966,AGT-013,2026-06-13 11:44:00,2,call,False,
INT-000702,AGT-004,2026-06-13 11:44:00,2,chat,False,
INT-000770,AGT-006,2026-06-13 11:51:00,2,call,False,
INT-000781,AGT-007,2026-06-13 11:52:00,2,call,False,
INT-001185,AGT-020,2026-06-13 11:56:00,2,call,False,
INT-000725,AGT-005,2026-06-13 11:56:00,2,call,False,
INT-000720,AGT-004,2026-06-13 12:18:00,2,call,False,
INT-000611,AGT-001,2026-06-13 12:25:00,2,call,False,
INT-000758,AGT-006,2026-06-13 12:33:00,2,chat,False,
INT-000704,AGT-004,2026-06-13 12:36:00,2,chat,False,
INT-000931,AGT-012,2026-06-13 12:39:00,2,chat,False,
INT-001031,AGT-015,2026-06-13 12:41:00,2,call,False,
INT-000805,AGT-007,2026-06-13 12:50:00,2,chat,False,
INT-000768,AGT-006,2026-06-13 13:03:00,2,call,False,
INT-001013,AGT-014,2026-06-13 13:03:00,2,call,False,
INT-001196,AGT-020,2026-06-13 13:05:00,2,call,False,
INT-001040,AGT-015,2026-06-13 13:05:00,2,call,False,
INT-000757,AGT-006,2026-06-13 13:05:00,2,chat,False,
INT-001126,AGT-018,2026-06-13 13:30:00,2,call,False,
INT-000660,AGT-002,2026-06-13 13:44:00,2,call,False,
INT-000892,AGT-010,2026-06-13 13:59:00,2,call,False,
INT-000649,AGT-002,2026-06-13 14:19:00,2,chat,False,
INT-001069,AGT-016,2026-06-13 14:32:00,2,call,False,
INT-000639,AGT-002,2026-06-13 14:32:00,2,call,False,
INT-000794,AGT-007,2026-06-13 14:45:00,2,chat,False,
INT-000684,AGT-003,2026-06-13 14:46:00,2,call,False,
INT-000691,AGT-004,2026-06-13 14:55:00,2,call,False,
INT-000971,AGT-013,2026-06-13 15:07:00,2,call,False,
INT-001076,AGT-016,2026-06-13 15:26:00,2,call,False,
INT-001192,AGT-020,2026-06-13 15:44:00,2,call,False,
INT-000840,AGT-008,2026-06-13 15:51:00,2,call,False,
INT-000813,AGT-008,2026-06-13 15:52:00,2,call,False,
INT-000796,AGT-007,2026-06-13 15:56:00,2,chat,False,
INT-001108,AGT-017,2026-06-13 15:59:00,2,call,False,
INT-001079,AGT-016,2026-06-13 16:08:00,2,chat,False,
INT-001161,AGT-019,2026-06-13 16:09:00,2,call,False,
INT-000871,AGT-010,2026-06-13 16:21:00,2,call,False,
INT-000843,AGT-009,2026-06-13 16:31:00,2,call,False,
INT-000876,AGT-010,2026-06-13 16:40:00,2,chat,False,
INT-001011,AGT-014,2026-06-13 16:48:00,2,call,False,
INT-001124,AGT-018,2026-06-13 17:05:00,2,chat,False,
INT-001087,AGT-017,2026-06-13 17:08:00,2,chat,False,
INT-000909,AGT-011,2026-06-13 17:20:00,2,chat,False,
INT-001135,AGT-018,2026-06-13 17:20:00,2,call,False,
INT-001128,AGT-018,2026-06-13 17:25:00,2,chat,False,
INT-001000,AGT-014,2026-06-13 17:32:00,2,call,False,
INT-000877,AGT-010,2026-06-13 17:33:00,2,chat,False,
INT-000697,AGT-004,2026-06-13 17:48:00,2,chat,False,
INT-001157,AGT-019,2026-06-13 18:00:00,2,call,False,
INT-000801,AGT-007,2026-06-13 18:02:00,2,chat,False,
INT-000771,AGT-006,2026-06-13 18:12:00,2,chat,False,
INT-001177,AGT-020,2026-06-13 18:12:00,2,chat,False,
INT-000841,AGT-009,2026-06-13 18:29:00,2,call,False,
INT-000951,AGT-012,2026-06-13 18:55:00,2,chat,False,
INT-001015,AGT-014,2026-06-13 19:07:00,2,call,False,
INT-000650,AGT-002,2026-06-13 19:15:00,2,chat,False,
INT-000899,AGT-010,2026-06-13 19:17:00,2,call,False,
INT-000661,AGT-003,2026-06-13 19:19:00,2,call,False,
INT-000947,AGT-012,2026-06-13 19:33:00,2,call,True,internet_issue
INT-001039,AGT-015,2026-06-13 19:44:00,2,chat,False,
INT-000716,AGT-004,2026-06-13 19:45:00,2,call,False,
INT-001089,AGT-017,2026-06-14 08:01:00,2,call,False,
INT-000766,AGT-006,2026-06-14 08:17:00,2,call,False,
INT-000886,AGT-010,2026-06-14 08:42:00,2,call,False,
INT-000745,AGT-005,2026-06-14 08:57:00,2,chat,False,
INT-001133,AGT-018,2026-06-14 08:57:00,2,chat,False,
INT-001026,AGT-015,2026-06-14 09:03:00,2,chat,False,
INT-000814,AGT-008,2026-06-14 09:15:00,2,call,False,
INT-000718,AGT-004,2026-06-14 09:35:00,2,chat,False,
INT-000960,AGT-012,2026-06-14 09:44:00,2,chat,True,internet_issue
INT-000686,AGT-003,2026-06-14 09:45:00,2,call,True,power_issue
INT-000962,AGT-013,2026-06-14 10:15:00,2,call,False,
INT-001156,AGT-019,2026-06-14 10:17:00,2,chat,False,
INT-000881,AGT-010,2026-06-14 10:19:00,2,chat,False,
INT-000954,AGT-012,2026-06-14 10:39:00,2,call,False,
INT-000621,AGT-001,2026-06-14 10:48:00,2,chat,False,
INT-000804,AGT-007,2026-06-14 10:56:00,2,call,True,unresolved_handoff
INT-000760,AGT-006,2026-06-14 11:00:00,2,chat,False,
INT-001116,AGT-018,2026-06-14 11:26:00,2,call,True,internet_issue
INT-000721,AGT-005,2026-06-14 11:28:00,2,chat,False,
INT-000826,AGT-008,2026-06-14 11:33:00,2,chat,False,
INT-000669,AGT-003,2026-06-14 11:47:00,2,chat,True,internet_issue
INT-000671,AGT-003,2026-06-14 11:52:00,2,chat,False,
INT-001191,AGT-020,2026-06-14 12:06:00,2,chat,False,
INT-000838,AGT-008,2026-06-14 12:12:00,2,call,False,
INT-000673,AGT-003,2026-06-14 12:19:00,2,chat,False,
INT-000994,AGT-014,2026-06-14 12:39:00,2,call,False,
INT-000929,AGT-011,2026-06-14 12:41:00,2,chat,False,
INT-000700,AGT-004,2026-06-14 12:51:00,2,call,False,
INT-001136,AGT-018,2026-06-14 12:58:00,2,chat,True,internet_issue
INT-000747,AGT-005,2026-06-14 13:05:00,2,call,False,
INT-001071,AGT-016,2026-06-14 13:07:00,2,call,False,
INT-000928,AGT-011,2026-06-14 13:11:00,2,chat,False,
INT-001200,AGT-020,2026-06-14 13:17:00,2,call,False,
INT-001145,AGT-019,2026-06-14 13:29:00,2,call,True,customer_disconnected_first
INT-000628,AGT-001,2026-06-14 13:37:00,2,chat,False,
INT-001056,AGT-016,2026-06-14 13:40:00,2,call,False,
INT-000784,AGT-007,2026-06-14 14:08:00,2,call,False,
INT-001194,AGT-020,2026-06-14 14:17:00,2,call,False,
INT-001081,AGT-017,2026-06-14 14:34:00,2,call,False,
INT-001052,AGT-016,2026-06-14 14:42:00,2,chat,False,
INT-000970,AGT-013,2026-06-14 14:52:00,2,chat,False,
INT-000968,AGT-013,2026-06-14 14:55:00,2,call,False,
INT-000816,AGT-008,2026-06-14 14:59:00,2,call,False,
INT-000636,AGT-002,2026-06-14 15:28:00,2,call,False,
INT-000789,AGT-007,2026-06-14 15:28:00,2,call,False,
INT-000921,AGT-011,2026-06-14 15:29:00,2,call,False,
INT-001173,AGT-020,2026-06-14 15:34:00,2,chat,False,
INT-001137,AGT-018,2026-06-14 16:01:00,2,chat,False,
INT-001034,AGT-015,2026-06-14 16:08:00,2,chat,False,
INT-000724,AGT-005,2026-06-14 16:24:00,2,chat,False,
INT-001047,AGT-015,2026-06-14 16:27:00,2,call,False,
INT-000883,AGT-010,2026-06-14 17:15:00,2,call,False,
INT-001193,AGT-020,2026-06-14 17:47:00,2,chat,False,
INT-000849,AGT-009,2026-06-14 18:21:00,2,chat,False,
INT-000798,AGT-007,2026-06-14 18:33:00,2,chat,True,internet_issue
INT-000808,AGT-007,2026-06-14 18:38:00,2,chat,False,
INT-000761,AGT-006,2026-06-14 18:42:00,2,chat,False,
INT-000861,AGT-009,2026-06-14 19:12:00,2,call,False,
INT-000765,AGT-006,2026-06-14 19:24:00,2,call,False,
INT-000695,AGT-004,2026-06-14 19:26:00,2,chat,False,
INT-001115,AGT-018,2026-06-14 19:26:00,2,call,True,internet_issue
INT-000842,AGT-009,2026-06-14 19:34:00,2,chat,False,
INT-000938,AGT-012,2026-06-14 19:34:00,2,chat,False,
INT-001103,AGT-017,2026-06-14 19:51:00,2,call,False,
INT-000917,AGT-011,2026-06-14 19:55:00,2,chat,False,
INT-001505,AGT-011,2026-06-15 08:00:00,3,call,True,internet_issue
INT-001283,AGT-003,2026-06-15 08:02:00,3,chat,False,
INT-001235,AGT-002,2026-06-15 08:16:00,3,call,False,
INT-001348,AGT-005,2026-06-15 08:40:00,3,call,False,
INT-001631,AGT-015,2026-06-15 08:46:00,3,chat,False,
INT-001737,AGT-018,2026-06-15 08:50:00,3,call,False,
INT-001470,AGT-009,2026-06-15 09:01:00,3,chat,False,
INT-001763,AGT-019,2026-06-15 09:22:00,3,chat,False,
INT-001693,AGT-017,2026-06-15 09:29:00,3,call,False,
INT-001510,AGT-011,2026-06-15 09:59:00,3,chat,False,
INT-001295,AGT-004,2026-06-15 10:14:00,3,call,False,
INT-001274,AGT-003,2026-06-15 10:18:00,3,chat,False,
INT-001489,AGT-010,2026-06-15 10:24:00,3,call,False,
INT-001202,AGT-001,2026-06-15 10:25:00,3,chat,False,
INT-001407,AGT-007,2026-06-15 10:32:00,3,chat,False,
INT-001696,AGT-017,2026-06-15 10:58:00,3,chat,False,
INT-001586,AGT-013,2026-06-15 10:59:00,3,chat,False,
INT-001257,AGT-002,2026-06-15 11:09:00,3,chat,False,
INT-001251,AGT-002,2026-06-15 11:31:00,3,call,False,
INT-001569,AGT-013,2026-06-15 11:35:00,3,call,False,
INT-001491,AGT-010,2026-06-15 12:27:00,3,chat,False,
INT-001724,AGT-018,2026-06-15 12:45:00,3,call,True,internet_issue
INT-001258,AGT-002,2026-06-15 12:50:00,3,call,False,
INT-001756,AGT-019,2026-06-15 12:58:00,3,call,False,
INT-001661,AGT-016,2026-06-15 13:15:00,3,chat,False,
INT-001376,AGT-006,2026-06-15 13:27:00,3,chat,False,
INT-001608,AGT-014,2026-06-15 13:34:00,3,call,False,
INT-001703,AGT-017,2026-06-15 13:39:00,3,call,False,
INT-001521,AGT-011,2026-06-15 13:43:00,3,call,False,
INT-001299,AGT-004,2026-06-15 13:47:00,3,call,False,
INT-001760,AGT-019,2026-06-15 13:48:00,3,chat,False,
INT-001270,AGT-003,2026-06-15 13:48:00,3,chat,False,
INT-001652,AGT-016,2026-06-15 14:00:00,3,chat,False,
INT-001233,AGT-002,2026-06-15 14:07:00,3,chat,False,
INT-001341,AGT-005,2026-06-15 14:08:00,3,chat,True,customer_disconnected_first
INT-001291,AGT-004,2026-06-15 14:12:00,3,call,False,
INT-001354,AGT-006,2026-06-15 14:20:00,3,chat,False,
INT-001751,AGT-019,2026-06-15 14:23:00,3,chat,False,
INT-001797,AGT-020,2026-06-15 14:34:00,3,call,False,
INT-001639,AGT-015,2026-06-15 14:42:00,3,chat,False,
INT-001545,AGT-012,2026-06-15 14:44:00,3,call,False,
INT-001437,AGT-008,2026-06-15 14:48:00,3,chat,False,
INT-001397,AGT-007,2026-06-15 14:52:00,3,chat,True,unresolved_handoff
INT-001249,AGT-002,2026-06-15 15:02:00,3,chat,False,
INT-001449,AGT-009,2026-06-15 15:04:00,3,call,False,
INT-001546,AGT-012,2026-06-15 15:15:00,3,call,True,internet_issue
INT-001450,AGT-009,2026-06-15 15:22:00,3,chat,False,
INT-001741,AGT-019,2026-06-15 15:31:00,3,chat,False,
INT-001758,AGT-019,2026-06-15 15:55:00,3,chat,False,
INT-001764,AGT-019,2026-06-15 16:16:00,3,chat,False,
INT-001593,AGT-014,2026-06-15 16:35:00,3,chat,False,
INT-001565,AGT-013,2026-06-15 16:36:00,3,chat,False,
INT-001583,AGT-013,2026-06-15 16:50:00,3,call,False,
INT-001467,AGT-009,2026-06-15 16:58:00,3,chat,False,
INT-001704,AGT-017,2026-06-15 17:26:00,3,chat,False,
INT-001458,AGT-009,2026-06-15 17:26:00,3,call,False,
INT-001310,AGT-004,2026-06-15 17:53:00,3,call,False,
INT-001685,AGT-017,2026-06-15 18:06:00,3,chat,False,
INT-001682,AGT-017,2026-06-15 18:19:00,3,call,False,
INT-001420,AGT-008,2026-06-15 18:30:00,3,chat,False,
INT-001342,AGT-005,2026-06-15 18:45:00,3,chat,False,
INT-001614,AGT-014,2026-06-15 18:46:00,3,call,False,
INT-001669,AGT-016,2026-06-15 18:46:00,3,call,False,
INT-001263,AGT-003,2026-06-15 18:49:00,3,chat,True,power_issue
INT-001709,AGT-017,2026-06-15 19:08:00,3,call,False,
INT-001221,AGT-001,2026-06-15 19:14:00,3,call,False,
INT-001293,AGT-004,2026-06-15 19:28:00,3,chat,False,
INT-001721,AGT-018,2026-06-15 19:35:00,3,call,True,power_issue
INT-001228,AGT-001,2026-06-15 19:39:00,3,call,False,
INT-001284,AGT-003,2026-06-15 19:40:00,3,call,False,
INT-001792,AGT-020,2026-06-15 19:53:00,3,chat,False,
INT-001260,AGT-002,2026-06-16 08:09:00,3,chat,True,customer_disconnected_first
INT-001536,AGT-012,2026-06-16 08:20:00,3,call,False,
INT-001359,AGT-006,2026-06-16 08:24:00,3,chat,False,
INT-001472,AGT-010,2026-06-16 08:24:00,3,chat,False,
INT-001292,AGT-004,2026-06-16 08:26:00,3,call,False,
INT-001512,AGT-011,2026-06-16 08:26:00,3,chat,False,
INT-001398,AGT-007,2026-06-16 08:26:00,3,chat,False,
INT-001475,AGT-010,2026-06-16 08:28:00,3,chat,True,customer_disconnected_first
INT-001782,AGT-020,2026-06-16 08:33:00,3,call,False,
INT-001326,AGT-005,2026-06-16 08:40:00,3,call,False,
INT-001708,AGT-017,2026-06-16 08:43:00,3,call,False,
INT-001666,AGT-016,2026-06-16 08:51:00,3,call,False,
INT-001634,AGT-015,2026-06-16 09:10:00,3,call,False,
INT-001391,AGT-007,2026-06-16 09:15:00,3,call,True,internet_issue
INT-001617,AGT-014,2026-06-16 09:27:00,3,call,False,
INT-001454,AGT-009,2026-06-16 09:45:00,3,call,False,
INT-001752,AGT-019,2026-06-16 09:45:00,3,call,False,
INT-001328,AGT-005,2026-06-16 10:12:00,3,call,False,
INT-001433,AGT-008,2026-06-16 10:21:00,3,chat,False,
INT-001253,AGT-002,2026-06-16 10:22:00,3,chat,False,
INT-001632,AGT-015,2026-06-16 10:22:00,3,chat,False,
INT-001555,AGT-012,2026-06-16 10:25:00,3,call,False,
INT-001728,AGT-018,2026-06-16 10:26:00,3,call,False,
INT-001379,AGT-006,2026-06-16 10:27:00,3,chat,False,
INT-001624,AGT-015,2026-06-16 10:36:00,3,chat,False,
INT-001679,AGT-016,2026-06-16 10:36:00,3,call,False,
INT-001750,AGT-019,2026-06-16 10:37:00,3,call,False,
INT-001498,AGT-010,2026-06-16 10:38:00,3,chat,False,
INT-001743,AGT-019,2026-06-16 10:48:00,3,chat,False,
INT-001504,AGT-011,2026-06-16 10:58:00,3,call,False,
INT-001533,AGT-012,2026-06-16 11:03:00,3,chat,False,
INT-001246,AGT-002,2026-06-16 11:04:00,3,call,False,
INT-001474,AGT-010,2026-06-16 11:07:00,3,chat,False,
INT-001439,AGT-008,2026-06-16 11:09:00,3,chat,False,
INT-001501,AGT-011,2026-06-16 11:21:00,3,call,False,
INT-001534,AGT-012,2026-06-16 11:24:00,3,chat,True,power_issue
INT-001551,AGT-012,2026-06-16 11:42:00,3,chat,True,internet_issue
INT-001217,AGT-001,2026-06-16 11:51:00,3,chat,False,
INT-001366,AGT-006,2026-06-16 12:03:00,3,call,False,
INT-001224,AGT-001,2026-06-16 12:13:00,3,chat,False,
INT-001697,AGT-017,2026-06-16 12:19:00,3,call,False,
INT-001473,AGT-010,2026-06-16 12:31:00,3,call,False,
INT-001727,AGT-018,2026-06-16 12:35:00,3,chat,False,
INT-001692,AGT-017,2026-06-16 12:36:00,3,call,False,
INT-001686,AGT-017,2026-06-16 12:44:00,3,chat,False,
INT-001396,AGT-007,2026-06-16 12:46:00,3,chat,False,
INT-001714,AGT-018,2026-06-16 12:56:00,3,call,True,customer_disconnected_first
INT-001591,AGT-014,2026-06-16 13:02:00,3,call,False,
INT-001520,AGT-011,2026-06-16 13:25:00,3,chat,False,
INT-001790,AGT-020,2026-06-16 13:27:00,3,chat,False,
INT-001540,AGT-012,2026-06-16 14:01:00,3,call,False,
INT-001558,AGT-012,2026-06-16 14:12:00,3,chat,False,
INT-001302,AGT-004,2026-06-16 14:38:00,3,call,False,
INT-001308,AGT-004,2026-06-16 14:48:00,3,call,False,
INT-001642,AGT-015,2026-06-16 14:58:00,3,chat,False,
INT-001423,AGT-008,2026-06-16 15:02:00,3,call,False,
INT-001300,AGT-004,2026-06-16 15:17:00,3,call,False,
INT-001329,AGT-005,2026-06-16 15:20:00,3,chat,False,
INT-001550,AGT-012,2026-06-16 15:23:00,3,chat,False,
INT-001795,AGT-020,2026-06-16 15:28:00,3,call,True,other
INT-001659,AGT-016,2026-06-16 15:48:00,3,chat,False,
INT-001393,AGT-007,2026-06-16 15:59:00,3,chat,False,
INT-001314,AGT-004,2026-06-16 16:10:00,3,chat,False,
INT-001590,AGT-013,2026-06-16 16:27:00,3,call,False,
INT-001618,AGT-014,2026-06-16 16:29:00,3,call,False,
INT-001684,AGT-017,2026-06-16 16:44:00,3,call,False,
INT-001241,AGT-002,2026-06-16 16:48:00,3,chat,False,
INT-001204,AGT-001,2026-06-16 16:48:00,3,call,False,
INT-001730,AGT-018,2026-06-16 17:14:00,3,call,True,power_issue
INT-001729,AGT-018,2026-06-16 17:19:00,3,chat,False,
INT-001765,AGT-019,2026-06-16 17:24:00,3,call,False,
INT-001238,AGT-002,2026-06-16 17:56:00,3,chat,False,
INT-001212,AGT-001,2026-06-16 18:26:00,3,chat,False,
INT-001500,AGT-010,2026-06-16 18:52:00,3,call,False,
INT-001229,AGT-001,2026-06-16 19:25:00,3,call,False,
INT-001256,AGT-002,2026-06-16 19:33:00,3,call,False,
INT-001301,AGT-004,2026-06-16 19:33:00,3,call,False,
INT-001718,AGT-018,2026-06-16 19:38:00,3,call,True,power_issue
INT-001446,AGT-009,2026-06-16 19:39:00,3,call,False,
INT-001403,AGT-007,2026-06-16 19:56:00,3,call,False,
INT-001609,AGT-014,2026-06-17 08:00:00,3,call,False,
INT-001402,AGT-007,2026-06-17 08:01:00,3,chat,False,
INT-001755,AGT-019,2026-06-17 08:07:00,3,chat,False,
INT-001368,AGT-006,2026-06-17 08:11:00,3,chat,False,
INT-001601,AGT-014,2026-06-17 08:14:00,3,chat,False,
INT-001771,AGT-020,2026-06-17 08:19:00,3,chat,False,
INT-001672,AGT-016,2026-06-17 08:25:00,3,call,False,
INT-001648,AGT-015,2026-06-17 08:51:00,3,chat,False,
INT-001404,AGT-007,2026-06-17 08:52:00,3,call,False,
INT-001435,AGT-008,2026-06-17 08:57:00,3,call,False,
INT-001570,AGT-013,2026-06-17 09:44:00,3,chat,False,
INT-001707,AGT-017,2026-06-17 09:52:00,3,chat,False,
INT-001635,AGT-015,2026-06-17 10:09:00,3,chat,False,
INT-001298,AGT-004,2026-06-17 10:18:00,3,chat,False,
INT-001657,AGT-016,2026-06-17 10:25:00,3,chat,False,
INT-001702,AGT-017,2026-06-17 10:32:00,3,call,False,
INT-001619,AGT-014,2026-06-17 10:55:00,3,call,False,
INT-001584,AGT-013,2026-06-17 10:59:00,3,call,False,
INT-001476,AGT-010,2026-06-17 11:09:00,3,chat,False,
INT-001643,AGT-015,2026-06-17 11:14:00,3,chat,False,
INT-001438,AGT-008,2026-06-17 11:20:00,3,call,False,
INT-001377,AGT-006,2026-06-17 11:27:00,3,chat,True,internet_issue
INT-001285,AGT-003,2026-06-17 11:31:00,3,call,False,
INT-001597,AGT-014,2026-06-17 11:31:00,3,chat,False,
INT-001538,AGT-012,2026-06-17 11:33:00,3,call,True,internet_issue
INT-001432,AGT-008,2026-06-17 11:38:00,3,call,False,
INT-001372,AGT-006,2026-06-17 11:44:00,3,chat,True,unresolved_handoff
INT-001335,AGT-005,2026-06-17 11:52:00,3,chat,False,
INT-001781,AGT-020,2026-06-17 11:54:00,3,chat,False,
INT-001313,AGT-004,2026-06-17 12:04:00,3,chat,False,
INT-001350,AGT-005,2026-06-17 12:09:00,3,chat,False,
INT-001523,AGT-011,2026-06-17 12:10:00,3,call,False,
INT-001644,AGT-015,2026-06-17 12:13:00,3,call,False,
INT-001220,AGT-001,2026-06-17 12:28:00,3,call,False,
INT-001395,AGT-007,2026-06-17 12:43:00,3,call,True,internet_issue
INT-001580,AGT-013,2026-06-17 12:53:00,3,call,False,
INT-001240,AGT-002,2026-06-17 12:59:00,3,call,False,
INT-001711,AGT-018,2026-06-17 12:59:00,3,chat,False,
INT-001673,AGT-016,2026-06-17 13:04:00,3,call,False,
INT-001531,AGT-012,2026-06-17 13:11:00,3,chat,True,internet_issue
INT-001688,AGT-017,2026-06-17 13:22:00,3,call,True,power_issue
INT-001722,AGT-018,2026-06-17 13:59:00,3,call,True,internet_issue
INT-001307,AGT-004,2026-06-17 14:10:00,3,call,False,
INT-001443,AGT-009,2026-06-17 14:14:00,3,call,False,
INT-001243,AGT-002,2026-06-17 14:17:00,3,call,False,
INT-001660,AGT-016,2026-06-17 14:41:00,3,chat,False,
INT-001579,AGT-013,2026-06-17 14:47:00,3,call,False,
INT-001543,AGT-012,2026-06-17 14:51:00,3,chat,False,
INT-001530,AGT-011,2026-06-17 15:03:00,3,chat,False,
INT-001242,AGT-002,2026-06-17 15:06:00,3,chat,True,unresolved_handoff
INT-001278,AGT-003,2026-06-17 15:24:00,3,call,True,power_issue
INT-001773,AGT-020,2026-06-17 15:38:00,3,call,False,
INT-001245,AGT-002,2026-06-17 15:47:00,3,call,False,
INT-001629,AGT-015,2026-06-17 15:47:00,3,call,False,
INT-001571,AGT-013,2026-06-17 16:04:00,3,chat,False,
INT-001749,AGT-019,2026-06-17 16:05:00,3,call,False,
INT-001324,AGT-005,2026-06-17 16:06:00,3,call,False,
INT-001676,AGT-016,2026-06-17 16:14:00,3,call,False,
INT-001761,AGT-019,2026-06-17 16:15:00,3,call,False,
INT-001207,AGT-001,2026-06-17 16:24:00,3,chat,False,
INT-001561,AGT-013,2026-06-17 16:26:00,3,call,False,
INT-001261,AGT-003,2026-06-17 16:31:00,3,chat,False,
INT-001250,AGT-002,2026-06-17 16:38:00,3,chat,False,
INT-001511,AGT-011,2026-06-17 16:49:00,3,chat,False,
INT-001248,AGT-002,2026-06-17 16:51:00,3,chat,False,
INT-001717,AGT-018,2026-06-17 16:56:00,3,chat,False,
INT-001562,AGT-013,2026-06-17 16:58:00,3,call,False,
INT-001739,AGT-018,2026-06-17 17:02:00,3,chat,True,power_issue
INT-001461,AGT-009,2026-06-17 17:07:00,3,call,False,
INT-001373,AGT-006,2026-06-17 17:42:00,3,call,False,
INT-001487,AGT-010,2026-06-17 18:04:00,3,chat,False,
INT-001794,AGT-020,2026-06-17 18:22:00,3,chat,False,
INT-001784,AGT-020,2026-06-17 18:31:00,3,call,False,
INT-001453,AGT-009,2026-06-17 18:36:00,3,call,False,
INT-001428,AGT-008,2026-06-17 18:45:00,3,call,False,
INT-001665,AGT-016,2026-06-17 18:58:00,3,chat,False,
INT-001658,AGT-016,2026-06-17 19:04:00,3,call,False,
INT-001316,AGT-004,2026-06-17 19:07:00,3,call,False,
INT-001689,AGT-017,2026-06-17 19:09:00,3,call,False,
INT-001746,AGT-019,2026-06-17 19:12:00,3,chat,False,
INT-001353,AGT-006,2026-06-17 19:15:00,3,call,False,
INT-001338,AGT-005,2026-06-17 19:36:00,3,call,False,
INT-001282,AGT-003,2026-06-17 19:37:00,3,chat,False,
INT-001735,AGT-018,2026-06-17 19:37:00,3,chat,False,
INT-001559,AGT-012,2026-06-17 19:39:00,3,call,True,power_issue
INT-001201,AGT-001,2026-06-18 08:02:00,3,call,False,
INT-001203,AGT-001,2026-06-18 08:04:00,3,call,False,
INT-001640,AGT-015,2026-06-18 08:33:00,3,call,False,
INT-001426,AGT-008,2026-06-18 08:35:00,3,call,False,
INT-001548,AGT-012,2026-06-18 08:45:00,3,call,False,
INT-001646,AGT-015,2026-06-18 09:06:00,3,call,False,
INT-001786,AGT-020,2026-06-18 09:39:00,3,chat,False,
INT-001415,AGT-008,2026-06-18 09:42:00,3,call,False,
INT-001370,AGT-006,2026-06-18 09:49:00,3,call,False,
INT-001421,AGT-008,2026-06-18 09:49:00,3,chat,False,
INT-001440,AGT-008,2026-06-18 09:54:00,3,call,False,
INT-001772,AGT-020,2026-06-18 09:56:00,3,chat,False,
INT-001762,AGT-019,2026-06-18 10:02:00,3,chat,False,
INT-001527,AGT-011,2026-06-18 10:04:00,3,call,False,
INT-001422,AGT-008,2026-06-18 10:07:00,3,chat,False,
INT-001769,AGT-019,2026-06-18 10:08:00,3,call,False,
INT-001528,AGT-011,2026-06-18 10:15:00,3,chat,False,
INT-001236,AGT-002,2026-06-18 10:16:00,3,call,False,
INT-001369,AGT-006,2026-06-18 10:18:00,3,call,False,
INT-001434,AGT-008,2026-06-18 10:34:00,3,call,False,
INT-001613,AGT-014,2026-06-18 10:46:00,3,chat,False,
INT-001273,AGT-003,2026-06-18 10:51:00,3,chat,True,other
INT-001706,AGT-017,2026-06-18 10:59:00,3,chat,False,
INT-001495,AGT-010,2026-06-18 11:04:00,3,chat,False,
INT-001553,AGT-012,2026-06-18 11:13:00,3,call,True,internet_issue
INT-001331,AGT-005,2026-06-18 11:18:00,3,chat,False,
INT-001222,AGT-001,2026-06-18 11:24:00,3,call,False,
INT-001330,AGT-005,2026-06-18 11:35:00,3,chat,False,
INT-001312,AGT-004,2026-06-18 11:39:00,3,call,False,
INT-001549,AGT-012,2026-06-18 11:39:00,3,chat,False,
INT-001585,AGT-013,2026-06-18 11:40:00,3,chat,False,
INT-001720,AGT-018,2026-06-18 12:09:00,3,call,False,
INT-001271,AGT-003,2026-06-18 12:10:00,3,call,False,
INT-001460,AGT-009,2026-06-18 12:47:00,3,call,False,
INT-001374,AGT-006,2026-06-18 12:48:00,3,chat,False,
INT-001785,AGT-020,2026-06-18 12:52:00,3,chat,False,
INT-001441,AGT-009,2026-06-18 13:17:00,3,chat,True,unresolved_handoff
INT-001344,AGT-005,2026-06-18 13:25:00,3,call,True,customer_disconnected_first
INT-001294,AGT-004,2026-06-18 13:43:00,3,call,False,
INT-001365,AGT-006,2026-06-18 13:44:00,3,call,False,
INT-001552,AGT-012,2026-06-18 13:48:00,3,call,True,other
INT-001529,AGT-011,2026-06-18 14:03:00,3,call,False,
INT-001367,AGT-006,2026-06-18 14:05:00,3,call,False,
INT-001333,AGT-005,2026-06-18 14:18:00,3,call,False,
INT-001346,AGT-005,2026-06-18 14:19:00,3,call,False,
INT-001497,AGT-010,2026-06-18 14:33:00,3,call,False,
INT-001269,AGT-003,2026-06-18 14:41:00,3,chat,False,
INT-001318,AGT-004,2026-06-18 15:12:00,3,call,False,
INT-001621,AGT-015,2026-06-18 15:15:00,3,chat,False,
INT-001322,AGT-005,2026-06-18 15:26:00,3,chat,False,
INT-001734,AGT-018,2026-06-18 15:37:00,3,chat,False,
INT-001237,AGT-002,2026-06-18 15:47:00,3,chat,False,
INT-001268,AGT-003,2026-06-18 16:05:00,3,chat,False,
INT-001211,AGT-001,2026-06-18 16:06:00,3,chat,False,
INT-001578,AGT-013,2026-06-18 16:14:00,3,chat,False,
INT-001477,AGT-010,2026-06-18 16:23:00,3,call,False,
INT-001227,AGT-001,2026-06-18 16:37:00,3,call,False,
INT-001767,AGT-019,2026-06-18 16:53:00,3,call,False,
INT-001214,AGT-001,2026-06-18 16:57:00,3,chat,False,
INT-001392,AGT-007,2026-06-18 17:24:00,3,call,False,
INT-001508,AGT-011,2026-06-18 17:27:00,3,call,False,
INT-001384,AGT-007,2026-06-18 17:33:00,3,chat,False,
INT-001409,AGT-007,2026-06-18 17:33:00,3,call,True,internet_issue
INT-001337,AGT-005,2026-06-18 17:35:00,3,chat,False,
INT-001234,AGT-002,2026-06-18 17:38:00,3,call,False,
INT-001603,AGT-014,2026-06-18 17:48:00,3,chat,False,
INT-001556,AGT-012,2026-06-18 17:58:00,3,chat,False,
INT-001649,AGT-015,2026-06-18 17:59:00,3,call,False,
INT-001683,AGT-017,2026-06-18 18:18:00,3,chat,False,
INT-001738,AGT-018,2026-06-18 18:25:00,3,chat,False,
INT-001628,AGT-015,2026-06-18 18:28:00,3,chat,False,
INT-001606,AGT-014,2026-06-18 18:31:00,3,call,False,
INT-001793,AGT-020,2026-06-18 18:48:00,3,chat,False,
INT-001633,AGT-015,2026-06-18 18:57:00,3,chat,False,
INT-001385,AGT-007,2026-06-18 19:28:00,3,call,False,
INT-001674,AGT-016,2026-06-18 19:30:00,3,call,False,
INT-001442,AGT-009,2026-06-18 19:36:00,3,chat,False,
INT-001506,AGT-011,2026-06-18 19:41:00,3,chat,False,
INT-001317,AGT-004,2026-06-18 19:44:00,3,chat,False,
INT-001740,AGT-018,2026-06-18 19:49:00,3,call,False,
INT-001381,AGT-007,2026-06-18 19:55:00,3,call,False,
INT-001357,AGT-006,2026-06-18 19:58:00,3,chat,False,
INT-001681,AGT-017,2026-06-19 08:14:00,3,chat,False,
INT-001405,AGT-007,2026-06-19 08:15:00,3,call,True,internet_issue
INT-001410,AGT-007,2026-06-19 08:29:00,3,chat,False,
INT-001277,AGT-003,2026-06-19 08:36:00,3,call,True,power_issue
INT-001610,AGT-014,2026-06-19 08:37:00,3,chat,False,
INT-001662,AGT-016,2026-06-19 08:38:00,3,call,False,
INT-001429,AGT-008,2026-06-19 08:42:00,3,chat,False,
INT-001517,AGT-011,2026-06-19 08:47:00,3,chat,False,
INT-001401,AGT-007,2026-06-19 08:49:00,3,call,False,
INT-001380,AGT-006,2026-06-19 08:50:00,3,call,False,
INT-001351,AGT-006,2026-06-19 08:59:00,3,call,False,
INT-001770,AGT-019,2026-06-19 09:02:00,3,call,False,
INT-001516,AGT-011,2026-06-19 09:02:00,3,call,False,
INT-001471,AGT-010,2026-06-19 09:06:00,3,call,False,
INT-001745,AGT-019,2026-06-19 09:11:00,3,call,False,
INT-001287,AGT-003,2026-06-19 09:11:00,3,call,True,other
INT-001463,AGT-009,2026-06-19 09:13:00,3,call,False,
INT-001447,AGT-009,2026-06-19 09:21:00,3,chat,False,
INT-001414,AGT-008,2026-06-19 09:23:00,3,call,False,
INT-001311,AGT-004,2026-06-19 09:40:00,3,chat,False,
INT-001599,AGT-014,2026-06-19 09:46:00,3,call,False,
INT-001288,AGT-003,2026-06-19 09:59:00,3,chat,True,power_issue
INT-001537,AGT-012,2026-06-19 10:01:00,3,call,False,
INT-001800,AGT-020,2026-06-19 10:13:00,3,chat,False,
INT-001604,AGT-014,2026-06-19 10:17:00,3,chat,False,
INT-001424,AGT-008,2026-06-19 10:26:00,3,chat,False,
INT-001215,AGT-001,2026-06-19 10:27:00,3,call,False,
INT-001788,AGT-020,2026-06-19 10:28:00,3,call,False,
INT-001754,AGT-019,2026-06-19 10:42:00,3,chat,False,
INT-001218,AGT-001,2026-06-19 10:51:00,3,call,False,
INT-001289,AGT-003,2026-06-19 10:54:00,3,call,True,internet_issue
INT-001232,AGT-002,2026-06-19 11:00:00,3,call,False,
INT-001576,AGT-013,2026-06-19 11:23:00,3,call,False,
INT-001502,AGT-011,2026-06-19 11:32:00,3,call,False,
INT-001568,AGT-013,2026-06-19 11:41:00,3,call,False,
INT-001514,AGT-011,2026-06-19 11:41:00,3,call,False,
INT-001319,AGT-004,2026-06-19 11:44:00,3,chat,False,
INT-001309,AGT-004,2026-06-19 11:49:00,3,chat,False,
INT-001430,AGT-008,2026-06-19 11:56:00,3,chat,False,
INT-001343,AGT-005,2026-06-19 12:00:00,3,chat,True,customer_disconnected_first
INT-001723,AGT-018,2026-06-19 12:08:00,3,call,True,other
INT-001736,AGT-018,2026-06-19 12:17:00,3,chat,False,
INT-001748,AGT-019,2026-06-19 12:18:00,3,call,False,
INT-001766,AGT-019,2026-06-19 13:03:00,3,call,False,
INT-001208,AGT-001,2026-06-19 13:09:00,3,chat,False,
INT-001699,AGT-017,2026-06-19 13:38:00,3,chat,False,
INT-001509,AGT-011,2026-06-19 13:47:00,3,chat,False,
INT-001352,AGT-006,2026-06-19 13:53:00,3,chat,False,
INT-001321,AGT-005,2026-06-19 13:59:00,3,call,True,customer_disconnected_first
INT-001796,AGT-020,2026-06-19 14:00:00,3,chat,False,
INT-001768,AGT-019,2026-06-19 14:10:00,3,call,False,
INT-001783,AGT-020,2026-06-19 14:36:00,3,call,False,
INT-001349,AGT-005,2026-06-19 14:38:00,3,call,False,
INT-001789,AGT-020,2026-06-19 14:38:00,3,call,False,
INT-001276,AGT-003,2026-06-19 14:47:00,3,chat,False,
INT-001715,AGT-018,2026-06-19 14:51:00,3,call,False,
INT-001667,AGT-016,2026-06-19 15:02:00,3,chat,False,
INT-001444,AGT-009,2026-06-19 15:18:00,3,call,False,
INT-001675,AGT-016,2026-06-19 15:18:00,3,chat,False,
INT-001539,AGT-012,2026-06-19 15:23:00,3,chat,True,power_issue
INT-001616,AGT-014,2026-06-19 15:33:00,3,call,False,
INT-001306,AGT-004,2026-06-19 15:36:00,3,call,False,
INT-001573,AGT-013,2026-06-19 15:36:00,3,call,False,
INT-001375,AGT-006,2026-06-19 15:38:00,3,chat,False,
INT-001698,AGT-017,2026-06-19 15:43:00,3,call,False,
INT-001798,AGT-020,2026-06-19 15:46:00,3,chat,False,
INT-001623,AGT-015,2026-06-19 15:50:00,3,chat,False,
INT-001469,AGT-009,2026-06-19 15:51:00,3,call,False,
INT-001371,AGT-006,2026-06-19 15:53:00,3,call,False,
INT-001607,AGT-014,2026-06-19 16:13:00,3,call,False,
INT-001297,AGT-004,2026-06-19 16:16:00,3,call,False,
INT-001254,AGT-002,2026-06-19 16:26:00,3,call,False,
INT-001779,AGT-020,2026-06-19 16:30:00,3,call,False,
INT-001486,AGT-010,2026-06-19 16:32:00,3,chat,False,
INT-001412,AGT-008,2026-06-19 16:42:00,3,call,False,
INT-001732,AGT-018,2026-06-19 16:45:00,3,chat,False,
INT-001340,AGT-005,2026-06-19 16:46:00,3,chat,False,
INT-001677,AGT-016,2026-06-19 16:50:00,3,chat,False,
INT-001378,AGT-006,2026-06-19 17:16:00,3,call,False,
INT-001598,AGT-014,2026-06-19 17:16:00,3,call,False,
INT-001315,AGT-004,2026-06-19 17:19:00,3,chat,False,
INT-001451,AGT-009,2026-06-19 17:25:00,3,chat,False,
INT-001226,AGT-001,2026-06-19 17:28:00,3,chat,False,
INT-001587,AGT-013,2026-06-19 17:42:00,3,call,False,
INT-001406,AGT-007,2026-06-19 17:53:00,3,call,True,internet_issue
INT-001566,AGT-013,2026-06-19 17:53:00,3,call,True,power_issue
INT-001206,AGT-001,2026-06-19 17:53:00,3,chat,False,
INT-001400,AGT-007,2026-06-19 17:54:00,3,chat,False,
INT-001513,AGT-011,2026-06-19 17:56:00,3,call,False,
INT-001485,AGT-010,2026-06-19 17:56:00,3,chat,False,
INT-001653,AGT-016,2026-06-19 17:58:00,3,chat,False,
INT-001386,AGT-007,2026-06-19 18:05:00,3,call,True,internet_issue
INT-001582,AGT-013,2026-06-19 18:07:00,3,chat,False,
INT-001209,AGT-001,2026-06-19 18:08:00,3,call,False,
INT-001554,AGT-012,2026-06-19 18:33:00,3,chat,False,
INT-001710,AGT-017,2026-06-19 18:35:00,3,chat,False,
INT-001595,AGT-014,2026-06-19 18:39:00,3,call,False,
INT-001731,AGT-018,2026-06-19 18:42:00,3,chat,True,power_issue
INT-001360,AGT-006,2026-06-19 18:54:00,3,call,False,
INT-001759,AGT-019,2026-06-19 19:08:00,3,chat,False,
INT-001230,AGT-001,2026-06-19 19:11:00,3,chat,False,
INT-001225,AGT-001,2026-06-19 19:22:00,3,chat,False,
INT-001492,AGT-010,2026-06-19 19:22:00,3,chat,False,
INT-001542,AGT-012,2026-06-19 19:24:00,3,call,False,
INT-001645,AGT-015,2026-06-19 19:36:00,3,call,False,
INT-001776,AGT-020,2026-06-19 19:45:00,3,call,True,customer_disconnected_first
INT-001478,AGT-010,2026-06-19 19:59:00,3,call,False,
INT-001611,AGT-014,2026-06-20 08:10:00,3,call,False,
INT-001223,AGT-001,2026-06-20 08:25:00,3,chat,False,
INT-001532,AGT-012,2026-06-20 08:46:00,3,call,False,
INT-001255,AGT-002,2026-06-20 08:53:00,3,chat,False,
INT-001567,AGT-013,2026-06-20 09:00:00,3,chat,False,
INT-001456,AGT-009,2026-06-20 09:00:00,3,call,False,
INT-001389,AGT-007,2026-06-20 09:02:00,3,chat,True,other
INT-001363,AGT-006,2026-06-20 09:05:00,3,chat,False,
INT-001494,AGT-010,2026-06-20 09:06:00,3,chat,False,
INT-001615,AGT-014,2026-06-20 09:14:00,3,call,False,
INT-001638,AGT-015,2026-06-20 09:32:00,3,chat,False,
INT-001465,AGT-009,2026-06-20 09:32:00,3,call,False,
INT-001259,AGT-002,2026-06-20 09:34:00,3,chat,False,
INT-001482,AGT-010,2026-06-20 09:42:00,3,call,False,
INT-001356,AGT-006,2026-06-20 09:52:00,3,chat,False,
INT-001280,AGT-003,2026-06-20 10:12:00,3,chat,True,power_issue
INT-001483,AGT-010,2026-06-20 10:18:00,3,chat,False,
INT-001647,AGT-015,2026-06-20 10:24:00,3,chat,False,
INT-001733,AGT-018,2026-06-20 10:28:00,3,chat,False,
INT-001596,AGT-014,2026-06-20 10:39:00,3,call,False,
INT-001418,AGT-008,2026-06-20 10:43:00,3,chat,True,customer_disconnected_first
INT-001488,AGT-010,2026-06-20 10:52:00,3,call,False,
INT-001637,AGT-015,2026-06-20 10:53:00,3,call,False,
INT-001774,AGT-020,2026-06-20 10:54:00,3,chat,False,
INT-001563,AGT-013,2026-06-20 10:58:00,3,call,False,
INT-001670,AGT-016,2026-06-20 11:03:00,3,chat,False,
INT-001419,AGT-008,2026-06-20 11:17:00,3,call,False,
INT-001787,AGT-020,2026-06-20 11:21:00,3,call,False,
INT-001496,AGT-010,2026-06-20 11:33:00,3,call,False,
INT-001656,AGT-016,2026-06-20 11:34:00,3,chat,False,
INT-001716,AGT-018,2026-06-20 11:38:00,3,call,False,
INT-001654,AGT-016,2026-06-20 11:40:00,3,call,False,
INT-001526,AGT-011,2026-06-20 11:48:00,3,call,False,
INT-001650,AGT-015,2026-06-20 11:49:00,3,call,False,
INT-001507,AGT-011,2026-06-20 11:50:00,3,call,False,
INT-001493,AGT-010,2026-06-20 11:56:00,3,chat,False,
INT-001651,AGT-016,2026-06-20 12:27:00,3,call,False,
INT-001525,AGT-011,2026-06-20 12:52:00,3,call,False,
INT-001345,AGT-005,2026-06-20 13:04:00,3,call,False,
INT-001219,AGT-001,2026-06-20 13:09:00,3,chat,False,
INT-001394,AGT-007,2026-06-20 13:15:00,3,chat,False,
INT-001339,AGT-005,2026-06-20 13:33:00,3,chat,False,
INT-001484,AGT-010,2026-06-20 13:35:00,3,call,False,
INT-001445,AGT-009,2026-06-20 13:39:00,3,call,False,
INT-001296,AGT-004,2026-06-20 13:43:00,3,call,False,
INT-001695,AGT-017,2026-06-20 13:56:00,3,call,True,internet_issue
INT-001216,AGT-001,2026-06-20 14:00:00,3,call,False,
INT-001347,AGT-005,2026-06-20 14:03:00,3,call,False,
INT-001719,AGT-018,2026-06-20 14:04:00,3,chat,False,
INT-001574,AGT-013,2026-06-20 14:07:00,3,chat,False,
INT-001544,AGT-012,2026-06-20 14:09:00,3,call,True,internet_issue
INT-001626,AGT-015,2026-06-20 14:47:00,3,call,False,
INT-001462,AGT-009,2026-06-20 14:51:00,3,chat,False,
INT-001560,AGT-012,2026-06-20 14:59:00,3,chat,False,
INT-001557,AGT-012,2026-06-20 15:27:00,3,call,False,
INT-001264,AGT-003,2026-06-20 15:28:00,3,chat,False,
INT-001630,AGT-015,2026-06-20 15:30:00,3,call,True,unresolved_handoff
INT-001459,AGT-009,2026-06-20 15:47:00,3,call,False,
INT-001742,AGT-019,2026-06-20 16:09:00,3,call,False,
INT-001267,AGT-003,2026-06-20 16:14:00,3,chat,False,
INT-001757,AGT-019,2026-06-20 17:01:00,3,call,False,
INT-001399,AGT-007,2026-06-20 17:01:00,3,chat,False,
INT-001275,AGT-003,2026-06-20 17:05:00,3,call,False,
INT-001436,AGT-008,2026-06-20 17:06:00,3,call,False,
INT-001655,AGT-016,2026-06-20 17:13:00,3,call,False,
INT-001305,AGT-004,2026-06-20 17:15:00,3,chat,False,
INT-001327,AGT-005,2026-06-20 17:34:00,3,chat,False,
INT-001425,AGT-008,2026-06-20 17:40:00,3,chat,False,
INT-001210,AGT-001,2026-06-20 17:51:00,3,chat,False,
INT-001636,AGT-015,2026-06-20 17:58:00,3,call,False,
INT-001564,AGT-013,2026-06-20 18:11:00,3,chat,False,
INT-001205,AGT-001,2026-06-20 18:11:00,3,chat,False,
INT-001691,AGT-017,2026-06-20 18:19:00,3,call,False,
INT-001725,AGT-018,2026-06-20 18:21:00,3,call,True,power_issue
INT-001522,AGT-011,2026-06-20 18:25:00,3,call,False,
INT-001382,AGT-007,2026-06-20 18:26:00,3,call,False,
INT-001778,AGT-020,2026-06-20 18:49:00,3,call,False,
INT-001791,AGT-020,2026-06-20 18:55:00,3,call,False,
INT-001747,AGT-019,2026-06-20 19:00:00,3,call,False,
INT-001541,AGT-012,2026-06-20 19:12:00,3,chat,False,
INT-001668,AGT-016,2026-06-20 19:15:00,3,call,False,
INT-001519,AGT-011,2026-06-20 19:19:00,3,call,False,
INT-001713,AGT-018,2026-06-20 19:19:00,3,call,False,
INT-001663,AGT-016,2026-06-20 19:30:00,3,chat,False,
INT-001244,AGT-002,2026-06-20 19:38:00,3,chat,False,
INT-001265,AGT-003,2026-06-20 19:56:00,3,chat,True,internet_issue
INT-001431,AGT-008,2026-06-21 08:17:00,3,call,False,
INT-001518,AGT-011,2026-06-21 08:20:00,3,chat,False,
INT-001622,AGT-015,2026-06-21 08:39:00,3,call,False,
INT-001678,AGT-016,2026-06-21 08:44:00,3,call,False,
INT-001247,AGT-002,2026-06-21 08:45:00,3,chat,False,
INT-001547,AGT-012,2026-06-21 08:47:00,3,call,False,
INT-001503,AGT-011,2026-06-21 08:51:00,3,call,False,
INT-001515,AGT-011,2026-06-21 08:51:00,3,call,False,
INT-001388,AGT-007,2026-06-21 08:58:00,3,call,False,
INT-001361,AGT-006,2026-06-21 09:05:00,3,chat,False,
INT-001572,AGT-013,2026-06-21 09:07:00,3,chat,False,
INT-001358,AGT-006,2026-06-21 09:10:00,3,call,False,
INT-001303,AGT-004,2026-06-21 09:19:00,3,chat,False,
INT-001416,AGT-008,2026-06-21 09:24:00,3,chat,False,
INT-001694,AGT-017,2026-06-21 09:26:00,3,call,False,
INT-001266,AGT-003,2026-06-21 09:32:00,3,call,True,unresolved_handoff
INT-001362,AGT-006,2026-06-21 09:40:00,3,call,False,
INT-001448,AGT-009,2026-06-21 10:05:00,3,chat,False,
INT-001775,AGT-020,2026-06-21 10:05:00,3,call,False,
INT-001744,AGT-019,2026-06-21 10:16:00,3,call,False,
INT-001304,AGT-004,2026-06-21 10:24:00,3,call,False,
INT-001390,AGT-007,2026-06-21 10:34:00,3,chat,False,
INT-001664,AGT-016,2026-06-21 10:39:00,3,call,False,
INT-001213,AGT-001,2026-06-21 10:43:00,3,chat,False,
INT-001320,AGT-004,2026-06-21 10:46:00,3,call,False,
INT-001279,AGT-003,2026-06-21 10:49:00,3,call,False,
INT-001780,AGT-020,2026-06-21 10:50:00,3,call,False,
INT-001588,AGT-013,2026-06-21 10:53:00,3,chat,False,
INT-001592,AGT-014,2026-06-21 11:03:00,3,chat,False,
INT-001700,AGT-017,2026-06-21 11:06:00,3,call,False,
INT-001753,AGT-019,2026-06-21 11:06:00,3,chat,False,
INT-001641,AGT-015,2026-06-21 11:26:00,3,call,False,
INT-001336,AGT-005,2026-06-21 11:31:00,3,call,False,
INT-001464,AGT-009,2026-06-21 11:37:00,3,chat,False,
INT-001687,AGT-017,2026-06-21 11:41:00,3,call,False,
INT-001286,AGT-003,2026-06-21 11:55:00,3,call,True,internet_issue
INT-001799,AGT-020,2026-06-21 11:58:00,3,call,False,
INT-001777,AGT-020,2026-06-21 12:01:00,3,chat,False,
INT-001620,AGT-014,2026-06-21 12:33:00,3,chat,False,
INT-001231,AGT-002,2026-06-21 12:37:00,3,chat,False,
INT-001594,AGT-014,2026-06-21 12:39:00,3,call,False,
INT-001252,AGT-002,2026-06-21 12:50:00,3,call,False,
INT-001457,AGT-009,2026-06-21 13:01:00,3,call,False,
INT-001323,AGT-005,2026-06-21 13:10:00,3,call,False,
INT-001490,AGT-010,2026-06-21 13:12:00,3,call,False,
INT-001262,AGT-003,2026-06-21 13:17:00,3,chat,True,other
INT-001627,AGT-015,2026-06-21 13:35:00,3,chat,False,
INT-001671,AGT-016,2026-06-21 13:39:00,3,call,False,
INT-001701,AGT-017,2026-06-21 13:51:00,3,chat,False,
INT-001690,AGT-017,2026-06-21 13:52:00,3,call,False,
INT-001239,AGT-002,2026-06-21 14:13:00,3,call,False,
INT-001589,AGT-013,2026-06-21 14:20:00,3,chat,False,
INT-001272,AGT-003,2026-06-21 14:23:00,3,chat,False,
INT-001612,AGT-014,2026-06-21 14:24:00,3,call,False,
INT-001680,AGT-016,2026-06-21 14:26:00,3,chat,False,
INT-001481,AGT-010,2026-06-21 14:30:00,3,call,False,
INT-001602,AGT-014,2026-06-21 14:33:00,3,chat,False,
INT-001468,AGT-009,2026-06-21 14:40:00,3,chat,False,
INT-001455,AGT-009,2026-06-21 14:52:00,3,chat,False,
INT-001417,AGT-008,2026-06-21 15:12:00,3,call,False,
INT-001726,AGT-018,2026-06-21 15:15:00,3,chat,False,
INT-001577,AGT-013,2026-06-21 15:20:00,3,call,False,
INT-001705,AGT-017,2026-06-21 15:21:00,3,call,False,
INT-001290,AGT-003,2026-06-21 15:22:00,3,call,False,
INT-001600,AGT-014,2026-06-21 15:31:00,3,call,False,
INT-001427,AGT-008,2026-06-21 15:33:00,3,chat,False,
INT-001355,AGT-006,2026-06-21 15:40:00,3,chat,False,
INT-001581,AGT-013,2026-06-21 15:45:00,3,chat,False,
INT-001452,AGT-009,2026-06-21 15:52:00,3,chat,False,
INT-001413,AGT-008,2026-06-21 15:53:00,3,chat,False,
INT-001332,AGT-005,2026-06-21 16:03:00,3,chat,False,
INT-001383,AGT-007,2026-06-21 16:42:00,3,chat,False,
INT-001712,AGT-018,2026-06-21 16:44:00,3,call,False,
INT-001625,AGT-015,2026-06-21 16:45:00,3,call,False,
INT-001479,AGT-010,2026-06-21 17:05:00,3,call,False,
INT-001480,AGT-010,2026-06-21 17:12:00,3,call,False,
INT-001364,AGT-006,2026-06-21 17:13:00,3,call,False,
INT-001408,AGT-007,2026-06-21 17:27:00,3,chat,False,
INT-001524,AGT-011,2026-06-21 17:28:00,3,chat,False,
INT-001334,AGT-005,2026-06-21 17:36:00,3,chat,False,
INT-001575,AGT-013,2026-06-21 17:51:00,3,chat,False,
INT-001535,AGT-012,2026-06-21 18:22:00,3,chat,False,
INT-001466,AGT-009,2026-06-21 18:24:00,3,chat,False,
INT-001499,AGT-010,2026-06-21 18:30:00,3,call,False,
INT-001281,AGT-003,2026-06-21 18:51:00,3,call,False,
INT-001387,AGT-007,2026-06-21 18:53:00,3,call,False,
INT-001325,AGT-005,2026-06-21 19:17:00,3,chat,False,
INT-001411,AGT-008,2026-06-21 19:30:00,3,call,False,
INT-001605,AGT-014,2026-06-21 19:37:00,3,call,False,
INT-002379,AGT-020,2026-06-22 08:37:00,4,call,False,
INT-001896,AGT-004,2026-06-22 08:57:00,4,call,False,
INT-002207,AGT-014,2026-06-22 09:01:00,4,chat,False,
INT-001836,AGT-002,2026-06-22 09:02:00,4,call,False,
INT-001986,AGT-007,2026-06-22 09:06:00,4,call,False,
INT-001945,AGT-005,2026-06-22 09:35:00,4,chat,False,
INT-002375,AGT-020,2026-06-22 09:40:00,4,chat,False,
INT-002356,AGT-019,2026-06-22 09:43:00,4,call,False,
INT-002281,AGT-017,2026-06-22 10:24:00,4,call,False,
INT-002075,AGT-010,2026-06-22 10:27:00,4,chat,False,
INT-002049,AGT-009,2026-06-22 10:27:00,4,call,False,
INT-002021,AGT-008,2026-06-22 10:30:00,4,call,False,
INT-002140,AGT-012,2026-06-22 10:32:00,4,call,True,customer_disconnected_first
INT-001924,AGT-005,2026-06-22 10:34:00,4,call,False,
INT-002030,AGT-008,2026-06-22 10:36:00,4,chat,True,power_issue
INT-001973,AGT-006,2026-06-22 10:51:00,4,call,False,
INT-002240,AGT-015,2026-06-22 11:42:00,4,chat,False,
INT-002167,AGT-013,2026-06-22 11:43:00,4,call,False,
INT-002042,AGT-009,2026-06-22 12:02:00,4,chat,False,
INT-002191,AGT-014,2026-06-22 12:05:00,4,chat,False,
INT-002205,AGT-014,2026-06-22 12:06:00,4,call,False,
INT-002225,AGT-015,2026-06-22 12:08:00,4,call,False,
INT-002114,AGT-011,2026-06-22 12:08:00,4,chat,False,
INT-002159,AGT-012,2026-06-22 12:14:00,4,call,False,
INT-002215,AGT-014,2026-06-22 12:15:00,4,chat,False,
INT-002182,AGT-013,2026-06-22 12:18:00,4,call,True,power_issue
INT-002177,AGT-013,2026-06-22 12:19:00,4,call,False,
INT-002138,AGT-012,2026-06-22 12:33:00,4,call,True,power_issue
INT-001943,AGT-005,2026-06-22 12:45:00,4,chat,False,
INT-002219,AGT-014,2026-06-22 12:47:00,4,call,False,
INT-001850,AGT-002,2026-06-22 12:48:00,4,chat,False,
INT-001980,AGT-006,2026-06-22 12:56:00,4,chat,False,
INT-002078,AGT-010,2026-06-22 13:19:00,4,call,False,
INT-002329,AGT-018,2026-06-22 13:23:00,4,chat,False,
INT-002126,AGT-011,2026-06-22 13:28:00,4,call,False,
INT-002111,AGT-011,2026-06-22 13:38:00,4,chat,False,
INT-002082,AGT-010,2026-06-22 13:55:00,4,call,False,
INT-002196,AGT-014,2026-06-22 14:05:00,4,call,False,
INT-002094,AGT-010,2026-06-22 14:24:00,4,chat,False,
INT-002072,AGT-010,2026-06-22 14:32:00,4,chat,False,
INT-001969,AGT-006,2026-06-22 14:42:00,4,chat,False,
INT-002173,AGT-013,2026-06-22 15:02:00,4,chat,False,
INT-001975,AGT-006,2026-06-22 15:10:00,4,chat,False,
INT-001878,AGT-003,2026-06-22 15:39:00,4,chat,False,
INT-001862,AGT-003,2026-06-22 15:51:00,4,chat,False,
INT-002044,AGT-009,2026-06-22 16:00:00,4,chat,False,
INT-002317,AGT-018,2026-06-22 16:01:00,4,chat,False,
INT-002290,AGT-017,2026-06-22 16:05:00,4,chat,False,
INT-002003,AGT-007,2026-06-22 16:07:00,4,call,False,
INT-001859,AGT-002,2026-06-22 16:45:00,4,chat,False,
INT-002122,AGT-011,2026-06-22 16:56:00,4,call,False,
INT-002071,AGT-010,2026-06-22 17:27:00,4,chat,False,
INT-002163,AGT-013,2026-06-22 17:32:00,4,call,False,
INT-002185,AGT-013,2026-06-22 17:35:00,4,chat,False,
INT-001829,AGT-001,2026-06-22 17:37:00,4,chat,False,
INT-001861,AGT-003,2026-06-22 18:10:00,4,call,False,
INT-001944,AGT-005,2026-06-22 18:21:00,4,chat,False,
INT-001911,AGT-004,2026-06-22 18:26:00,4,chat,False,
INT-002246,AGT-015,2026-06-22 18:52:00,4,chat,False,
INT-002386,AGT-020,2026-06-22 18:52:00,4,chat,False,
INT-002363,AGT-019,2026-06-22 18:55:00,4,call,False,
INT-002121,AGT-011,2026-06-22 18:57:00,4,call,False,
INT-002368,AGT-019,2026-06-22 19:01:00,4,call,False,
INT-002321,AGT-018,2026-06-22 19:03:00,4,call,False,
INT-002261,AGT-016,2026-06-22 19:34:00,4,call,False,
INT-001922,AGT-005,2026-06-22 19:38:00,4,call,False,
INT-002164,AGT-013,2026-06-22 19:48:00,4,chat,False,
INT-002282,AGT-017,2026-06-22 19:58:00,4,chat,False,
INT-002115,AGT-011,2026-06-23 08:00:00,4,chat,False,
INT-001971,AGT-006,2026-06-23 08:07:00,4,chat,False,
INT-002063,AGT-009,2026-06-23 08:18:00,4,chat,False,
INT-002288,AGT-017,2026-06-23 08:23:00,4,call,False,
INT-002390,AGT-020,2026-06-23 08:31:00,4,call,False,
INT-001927,AGT-005,2026-06-23 08:32:00,4,chat,False,
INT-002270,AGT-016,2026-06-23 08:34:00,4,chat,False,
INT-002369,AGT-019,2026-06-23 08:43:00,4,call,False,
INT-002350,AGT-019,2026-06-23 08:45:00,4,chat,False,
INT-002232,AGT-015,2026-06-23 09:06:00,4,call,False,
INT-001955,AGT-006,2026-06-23 09:16:00,4,call,False,
INT-001847,AGT-002,2026-06-23 09:35:00,4,chat,False,
INT-002047,AGT-009,2026-06-23 09:36:00,4,chat,False,
INT-002172,AGT-013,2026-06-23 09:37:00,4,chat,False,
INT-001866,AGT-003,2026-06-23 09:44:00,4,call,True,power_issue
INT-002384,AGT-020,2026-06-23 09:57:00,4,call,False,
INT-001933,AGT-005,2026-06-23 10:04:00,4,chat,False,
INT-002074,AGT-010,2026-06-23 10:07:00,4,chat,False,
INT-001954,AGT-006,2026-06-23 10:25:00,4,call,False,
INT-002278,AGT-016,2026-06-23 10:27:00,4,call,False,
INT-002296,AGT-017,2026-06-23 11:06:00,4,call,False,
INT-001885,AGT-003,2026-06-23 11:25:00,4,call,False,
INT-001985,AGT-007,2026-06-23 11:30:00,4,call,True,internet_issue
INT-002396,AGT-020,2026-06-23 11:44:00,4,chat,False,
INT-002359,AGT-019,2026-06-23 12:12:00,4,call,False,
INT-001833,AGT-002,2026-06-23 12:22:00,4,call,False,
INT-002303,AGT-017,2026-06-23 12:26:00,4,call,False,
INT-002187,AGT-013,2026-06-23 12:53:00,4,call,False,
INT-002212,AGT-014,2026-06-23 12:54:00,4,call,False,
INT-001892,AGT-004,2026-06-23 12:56:00,4,call,False,
INT-001821,AGT-001,2026-06-23 13:05:00,4,chat,False,
INT-001874,AGT-003,2026-06-23 13:07:00,4,chat,True,customer_disconnected_first
INT-002105,AGT-011,2026-06-23 13:11:00,4,call,False,
INT-002113,AGT-011,2026-06-23 13:21:00,4,call,False,
INT-002016,AGT-008,2026-06-23 13:28:00,4,call,False,
INT-002014,AGT-008,2026-06-23 14:02:00,4,call,False,
INT-001811,AGT-001,2026-06-23 14:04:00,4,call,False,
INT-001845,AGT-002,2026-06-23 14:05:00,4,call,False,
INT-002323,AGT-018,2026-06-23 14:09:00,4,chat,False,
INT-002050,AGT-009,2026-06-23 14:27:00,4,call,False,
INT-001815,AGT-001,2026-06-23 14:30:00,4,call,False,
INT-002265,AGT-016,2026-06-23 14:46:00,4,chat,False,
INT-002256,AGT-016,2026-06-23 14:51:00,4,call,False,
INT-002276,AGT-016,2026-06-23 15:04:00,4,call,False,
INT-002199,AGT-014,2026-06-23 15:11:00,4,chat,False,
INT-002131,AGT-012,2026-06-23 15:11:00,4,call,False,
INT-002213,AGT-014,2026-06-23 15:20:00,4,chat,False,
INT-001813,AGT-001,2026-06-23 15:34:00,4,call,False,
INT-002188,AGT-013,2026-06-23 15:35:00,4,chat,False,
INT-001814,AGT-001,2026-06-23 15:40:00,4,chat,False,
INT-001990,AGT-007,2026-06-23 15:41:00,4,chat,False,
INT-001930,AGT-005,2026-06-23 15:48:00,4,chat,False,
INT-001830,AGT-001,2026-06-23 15:49:00,4,call,False,
INT-001995,AGT-007,2026-06-23 16:00:00,4,chat,True,internet_issue
INT-002093,AGT-010,2026-06-23 16:19:00,4,chat,False,
INT-002032,AGT-008,2026-06-23 16:25:00,4,call,False,
INT-002088,AGT-010,2026-06-23 16:30:00,4,call,False,
INT-002245,AGT-015,2026-06-23 16:41:00,4,chat,False,
INT-002236,AGT-015,2026-06-23 16:49:00,4,chat,False,
INT-002393,AGT-020,2026-06-23 16:53:00,4,chat,False,
INT-002354,AGT-019,2026-06-23 17:04:00,4,call,False,
INT-002178,AGT-013,2026-06-23 17:04:00,4,chat,False,
INT-002023,AGT-008,2026-06-23 17:11:00,4,call,False,
INT-002181,AGT-013,2026-06-23 17:23:00,4,call,False,
INT-002314,AGT-018,2026-06-23 17:24:00,4,call,False,
INT-001912,AGT-004,2026-06-23 17:32:00,4,call,False,
INT-002241,AGT-015,2026-06-23 17:35:00,4,call,False,
INT-002395,AGT-020,2026-06-23 17:56:00,4,chat,False,
INT-002280,AGT-016,2026-06-23 18:13:00,4,chat,False,
INT-002294,AGT-017,2026-06-23 18:23:00,4,chat,False,
INT-001996,AGT-007,2026-06-23 18:50:00,4,chat,False,
INT-002166,AGT-013,2026-06-23 18:52:00,4,chat,False,
INT-001854,AGT-002,2026-06-23 19:07:00,4,call,False,
INT-002357,AGT-019,2026-06-23 19:10:00,4,chat,False,
INT-002035,AGT-008,2026-06-23 19:16:00,4,call,False,
INT-002371,AGT-020,2026-06-23 19:23:00,4,call,False,
INT-001988,AGT-007,2026-06-23 19:39:00,4,call,True,internet_issue
INT-001936,AGT-005,2026-06-23 19:40:00,4,call,False,
INT-002120,AGT-011,2026-06-23 19:43:00,4,chat,False,
INT-001968,AGT-006,2026-06-24 08:01:00,4,call,False,
INT-001816,AGT-001,2026-06-24 08:17:00,4,chat,False,
INT-001907,AGT-004,2026-06-24 08:23:00,4,call,False,
INT-002076,AGT-010,2026-06-24 08:23:00,4,chat,False,
INT-001935,AGT-005,2026-06-24 08:44:00,4,chat,False,
INT-002353,AGT-019,2026-06-24 08:53:00,4,call,False,
INT-002302,AGT-017,2026-06-24 08:57:00,4,chat,False,
INT-001877,AGT-003,2026-06-24 09:10:00,4,call,False,
INT-001802,AGT-001,2026-06-24 09:15:00,4,chat,False,
INT-002293,AGT-017,2026-06-24 09:17:00,4,chat,False,
INT-002183,AGT-013,2026-06-24 09:22:00,4,chat,False,
INT-001977,AGT-006,2026-06-24 09:32:00,4,chat,False,
INT-002139,AGT-012,2026-06-24 09:49:00,4,chat,True,unresolved_handoff
INT-002123,AGT-011,2026-06-24 10:05:00,4,chat,False,
INT-002073,AGT-010,2026-06-24 10:06:00,4,call,False,
INT-002069,AGT-009,2026-06-24 10:25:00,4,call,False,
INT-002206,AGT-014,2026-06-24 10:46:00,4,chat,False,
INT-001858,AGT-002,2026-06-24 11:09:00,4,call,False,
INT-002144,AGT-012,2026-06-24 11:14:00,4,call,False,
INT-002283,AGT-017,2026-06-24 11:24:00,4,chat,False,
INT-002116,AGT-011,2026-06-24 11:25:00,4,chat,False,
INT-002058,AGT-009,2026-06-24 11:25:00,4,chat,False,
INT-002141,AGT-012,2026-06-24 11:25:00,4,chat,True,other
INT-002367,AGT-019,2026-06-24 11:35:00,4,call,False,
INT-002156,AGT-012,2026-06-24 11:42:00,4,chat,True,unresolved_handoff
INT-002377,AGT-020,2026-06-24 11:43:00,4,chat,False,
INT-002054,AGT-009,2026-06-24 11:52:00,4,chat,False,
INT-002009,AGT-007,2026-06-24 12:04:00,4,call,True,unresolved_handoff
INT-002024,AGT-008,2026-06-24 12:17:00,4,chat,False,
INT-002254,AGT-016,2026-06-24 12:20:00,4,call,False,
INT-002287,AGT-017,2026-06-24 12:26:00,4,call,True,internet_issue
INT-001886,AGT-003,2026-06-24 12:30:00,4,chat,False,
INT-002099,AGT-010,2026-06-24 12:41:00,4,chat,False,
INT-002234,AGT-015,2026-06-24 12:46:00,4,chat,False,
INT-001937,AGT-005,2026-06-24 12:50:00,4,call,False,
INT-002176,AGT-013,2026-06-24 13:04:00,4,call,False,
INT-002320,AGT-018,2026-06-24 13:10:00,4,chat,False,
INT-002136,AGT-012,2026-06-24 13:18:00,4,chat,False,
INT-002190,AGT-013,2026-06-24 13:29:00,4,chat,False,
INT-002297,AGT-017,2026-06-24 13:42:00,4,chat,False,
INT-002057,AGT-009,2026-06-24 13:46:00,4,call,False,
INT-001966,AGT-006,2026-06-24 13:47:00,4,call,False,
INT-002292,AGT-017,2026-06-24 13:48:00,4,call,False,
INT-002175,AGT-013,2026-06-24 13:50:00,4,call,False,
INT-002170,AGT-013,2026-06-24 13:53:00,4,call,False,
INT-002062,AGT-009,2026-06-24 14:07:00,4,chat,False,
INT-002328,AGT-018,2026-06-24 14:28:00,4,call,False,
INT-001920,AGT-004,2026-06-24 14:28:00,4,call,False,
INT-002008,AGT-007,2026-06-24 14:29:00,4,call,True,internet_issue
INT-002387,AGT-020,2026-06-24 14:39:00,4,call,False,
INT-002209,AGT-014,2026-06-24 14:44:00,4,call,False,
INT-002391,AGT-020,2026-06-24 14:46:00,4,call,True,internet_issue
INT-002154,AGT-012,2026-06-24 14:55:00,4,call,False,
INT-002362,AGT-019,2026-06-24 15:12:00,4,call,False,
INT-002169,AGT-013,2026-06-24 15:28:00,4,chat,False,
INT-002382,AGT-020,2026-06-24 15:34:00,4,call,False,
INT-001934,AGT-005,2026-06-24 15:36:00,4,chat,False,
INT-001890,AGT-003,2026-06-24 15:37:00,4,chat,True,unresolved_handoff
INT-002252,AGT-016,2026-06-24 16:01:00,4,call,False,
INT-001987,AGT-007,2026-06-24 16:17:00,4,call,True,power_issue
INT-001931,AGT-005,2026-06-24 16:18:00,4,call,True,internet_issue
INT-002316,AGT-018,2026-06-24 16:18:00,4,chat,False,
INT-002326,AGT-018,2026-06-24 16:22:00,4,call,True,internet_issue
INT-001863,AGT-003,2026-06-24 16:30:00,4,call,True,other
INT-002055,AGT-009,2026-06-24 16:30:00,4,call,False,
INT-001827,AGT-001,2026-06-24 16:30:00,4,call,False,
INT-001824,AGT-001,2026-06-24 16:37:00,4,chat,False,
INT-002031,AGT-008,2026-06-24 16:39:00,4,call,False,
INT-002399,AGT-020,2026-06-24 16:43:00,4,call,False,
INT-002045,AGT-009,2026-06-24 16:52:00,4,call,False,
INT-002089,AGT-010,2026-06-24 17:06:00,4,call,False,
INT-001865,AGT-003,2026-06-24 17:19:00,4,chat,True,internet_issue
INT-001841,AGT-002,2026-06-24 17:23:00,4,call,False,
INT-002002,AGT-007,2026-06-24 17:37:00,4,chat,True,customer_disconnected_first
INT-002038,AGT-008,2026-06-24 17:56:00,4,chat,False,
INT-001948,AGT-005,2026-06-24 17:58:00,4,chat,True,customer_disconnected_first
INT-002043,AGT-009,2026-06-24 18:02:00,4,chat,False,
INT-002104,AGT-011,2026-06-24 18:05:00,4,call,False,
INT-002028,AGT-008,2026-06-24 18:11:00,4,call,False,
INT-001956,AGT-006,2026-06-24 18:27:00,4,chat,False,
INT-002286,AGT-017,2026-06-24 18:53:00,4,call,False,
INT-002348,AGT-019,2026-06-24 18:53:00,4,chat,False,
INT-002342,AGT-019,2026-06-24 18:57:00,4,chat,False,
INT-002132,AGT-012,2026-06-24 19:00:00,4,chat,False,
INT-001864,AGT-003,2026-06-24 19:02:00,4,chat,True,internet_issue
INT-002217,AGT-014,2026-06-24 19:20:00,4,chat,False,
INT-001868,AGT-003,2026-06-24 19:49:00,4,call,False,
INT-001976,AGT-006,2026-06-25 08:03:00,4,chat,False,
INT-001946,AGT-005,2026-06-25 08:08:00,4,call,False,
INT-002029,AGT-008,2026-06-25 08:10:00,4,call,False,
INT-001828,AGT-001,2026-06-25 08:10:00,4,chat,False,
INT-001994,AGT-007,2026-06-25 08:16:00,4,call,False,
INT-002102,AGT-011,2026-06-25 08:16:00,4,chat,False,
INT-001899,AGT-004,2026-06-25 08:17:00,4,chat,False,
INT-001940,AGT-005,2026-06-25 08:24:00,4,call,False,
INT-002010,AGT-007,2026-06-25 08:29:00,4,chat,False,
INT-002273,AGT-016,2026-06-25 08:31:00,4,call,False,
INT-001910,AGT-004,2026-06-25 08:41:00,4,chat,False,
INT-001903,AGT-004,2026-06-25 09:04:00,4,call,False,
INT-001888,AGT-003,2026-06-25 09:28:00,4,chat,True,internet_issue
INT-002312,AGT-018,2026-06-25 09:29:00,4,call,False,
INT-002052,AGT-009,2026-06-25 09:35:00,4,chat,False,
INT-002180,AGT-013,2026-06-25 09:36:00,4,chat,True,customer_disconnected_first
INT-001949,AGT-005,2026-06-25 09:43:00,4,call,False,
INT-002118,AGT-011,2026-06-25 09:56:00,4,chat,False,
INT-002337,AGT-018,2026-06-25 10:09:00,4,chat,True,internet_issue
INT-002366,AGT-019,2026-06-25 11:07:00,4,call,False,
INT-002068,AGT-009,2026-06-25 11:08:00,4,call,False,
INT-002376,AGT-020,2026-06-25 11:37:00,4,chat,False,
INT-002310,AGT-017,2026-06-25 11:58:00,4,call,False,
INT-002231,AGT-015,2026-06-25 11:58:00,4,call,False,
INT-001982,AGT-007,2026-06-25 12:04:00,4,chat,False,
INT-002228,AGT-015,2026-06-25 12:05:00,4,chat,False,
INT-002018,AGT-008,2026-06-25 12:05:00,4,call,False,
INT-001984,AGT-007,2026-06-25 12:07:00,4,chat,True,power_issue
INT-002242,AGT-015,2026-06-25 12:13:00,4,call,False,
INT-002373,AGT-020,2026-06-25 12:17:00,4,chat,False,
INT-002201,AGT-014,2026-06-25 12:19:00,4,chat,False,
INT-001981,AGT-007,2026-06-25 12:28:00,4,call,False,
INT-002389,AGT-020,2026-06-25 12:36:00,4,call,False,
INT-002394,AGT-020,2026-06-25 12:38:00,4,call,False,
INT-002255,AGT-016,2026-06-25 12:40:00,4,call,False,
INT-001842,AGT-002,2026-06-25 12:51:00,4,call,False,
INT-002013,AGT-008,2026-06-25 13:24:00,4,call,False,
INT-002165,AGT-013,2026-06-25 13:35:00,4,call,False,
INT-002160,AGT-012,2026-06-25 13:38:00,4,chat,True,internet_issue
INT-002005,AGT-007,2026-06-25 13:46:00,4,call,False,
INT-001929,AGT-005,2026-06-25 13:49:00,4,call,False,
INT-002346,AGT-019,2026-06-25 14:17:00,4,chat,False,
INT-002248,AGT-015,2026-06-25 14:17:00,4,chat,False,
INT-002222,AGT-015,2026-06-25 14:18:00,4,call,False,
INT-002146,AGT-012,2026-06-25 14:22:00,4,call,False,
INT-001817,AGT-001,2026-06-25 14:25:00,4,chat,False,
INT-001916,AGT-004,2026-06-25 14:33:00,4,call,False,
INT-002171,AGT-013,2026-06-25 14:35:00,4,chat,False,
INT-002179,AGT-013,2026-06-25 14:45:00,4,chat,False,
INT-001898,AGT-004,2026-06-25 14:56:00,4,call,False,
INT-001914,AGT-004,2026-06-25 15:08:00,4,chat,False,
INT-001823,AGT-001,2026-06-25 15:09:00,4,chat,True,customer_disconnected_first
INT-002279,AGT-016,2026-06-25 15:10:00,4,call,False,
INT-002268,AGT-016,2026-06-25 15:11:00,4,chat,False,
INT-001904,AGT-004,2026-06-25 15:26:00,4,call,False,
INT-002355,AGT-019,2026-06-25 15:28:00,4,chat,False,
INT-001818,AGT-001,2026-06-25 15:33:00,4,call,False,
INT-001879,AGT-003,2026-06-25 15:34:00,4,call,False,
INT-002084,AGT-010,2026-06-25 15:38:00,4,call,False,
INT-001917,AGT-004,2026-06-25 15:38:00,4,chat,False,
INT-002304,AGT-017,2026-06-25 15:42:00,4,chat,False,
INT-001887,AGT-003,2026-06-25 16:06:00,4,call,False,
INT-001901,AGT-004,2026-06-25 16:07:00,4,call,False,
INT-002066,AGT-009,2026-06-25 16:08:00,4,chat,False,
INT-002315,AGT-018,2026-06-25 16:08:00,4,call,False,
INT-002194,AGT-014,2026-06-25 16:16:00,4,call,False,
INT-002224,AGT-015,2026-06-25 16:22:00,4,chat,False,
INT-002267,AGT-016,2026-06-25 16:23:00,4,chat,False,
INT-001884,AGT-003,2026-06-25 16:29:00,4,chat,False,
INT-001809,AGT-001,2026-06-25 16:32:00,4,call,False,
INT-002168,AGT-013,2026-06-25 16:34:00,4,chat,False,
INT-002000,AGT-007,2026-06-25 16:35:00,4,call,False,
INT-002343,AGT-019,2026-06-25 16:40:00,4,chat,False,
INT-002306,AGT-017,2026-06-25 16:53:00,4,call,False,
INT-002036,AGT-008,2026-06-25 16:54:00,4,chat,False,
INT-001889,AGT-003,2026-06-25 17:23:00,4,chat,True,power_issue
INT-001950,AGT-005,2026-06-25 17:30:00,4,chat,False,
INT-002006,AGT-007,2026-06-25 17:36:00,4,call,False,
INT-002067,AGT-009,2026-06-25 17:36:00,4,call,False,
INT-001906,AGT-004,2026-06-25 17:42:00,4,chat,False,
INT-002298,AGT-017,2026-06-25 17:54:00,4,chat,False,
INT-002243,AGT-015,2026-06-25 18:06:00,4,call,False,
INT-001846,AGT-002,2026-06-25 18:09:00,4,chat,False,
INT-001978,AGT-006,2026-06-25 18:16:00,4,chat,False,
INT-002385,AGT-020,2026-06-25 18:54:00,4,chat,False,
INT-002107,AGT-011,2026-06-25 18:55:00,4,chat,False,
INT-002274,AGT-016,2026-06-25 19:30:00,4,chat,False,
INT-002077,AGT-010,2026-06-25 19:31:00,4,chat,False,
INT-001951,AGT-006,2026-06-25 19:31:00,4,chat,False,
INT-002127,AGT-011,2026-06-25 19:35:00,4,call,False,
INT-002039,AGT-008,2026-06-25 19:49:00,4,call,False,
INT-002332,AGT-018,2026-06-25 19:52:00,4,chat,False,
INT-001860,AGT-002,2026-06-25 19:54:00,4,chat,False,
INT-001974,AGT-006,2026-06-26 08:03:00,4,call,False,
INT-001919,AGT-004,2026-06-26 08:08:00,4,chat,False,
INT-002145,AGT-012,2026-06-26 08:12:00,4,chat,False,
INT-001867,AGT-003,2026-06-26 08:14:00,4,chat,False,
INT-001848,AGT-002,2026-06-26 08:20:00,4,chat,False,
INT-002027,AGT-008,2026-06-26 08:27:00,4,chat,False,
INT-001819,AGT-001,2026-06-26 08:27:00,4,chat,False,
INT-002223,AGT-015,2026-06-26 08:28:00,4,chat,False,
INT-002150,AGT-012,2026-06-26 08:42:00,4,chat,True,power_issue
INT-002233,AGT-015,2026-06-26 08:51:00,4,chat,False,
INT-001803,AGT-001,2026-06-26 09:16:00,4,call,False,
INT-001960,AGT-006,2026-06-26 09:19:00,4,call,False,
INT-001967,AGT-006,2026-06-26 09:20:00,4,chat,False,
INT-002330,AGT-018,2026-06-26 09:24:00,4,chat,False,
INT-001853,AGT-002,2026-06-26 09:24:00,4,call,False,
INT-001983,AGT-007,2026-06-26 09:31:00,4,chat,True,power_issue
INT-002125,AGT-011,2026-06-26 09:35:00,4,chat,False,
INT-002338,AGT-018,2026-06-26 09:44:00,4,call,True,power_issue
INT-002015,AGT-008,2026-06-26 09:51:00,4,call,False,
INT-002216,AGT-014,2026-06-26 10:04:00,4,call,False,
INT-001923,AGT-005,2026-06-26 10:05:00,4,call,False,
INT-002026,AGT-008,2026-06-26 10:05:00,4,chat,False,
INT-002220,AGT-014,2026-06-26 10:13:00,4,call,False,
INT-002244,AGT-015,2026-06-26 10:24:00,4,chat,False,
INT-002322,AGT-018,2026-06-26 10:29:00,4,chat,True,internet_issue
INT-001989,AGT-007,2026-06-26 10:45:00,4,call,True,internet_issue
INT-002258,AGT-016,2026-06-26 10:50:00,4,chat,False,
INT-001844,AGT-002,2026-06-26 10:57:00,4,chat,False,
INT-001825,AGT-001,2026-06-26 11:14:00,4,call,False,
INT-002291,AGT-017,2026-06-26 11:23:00,4,chat,False,
INT-002033,AGT-008,2026-06-26 11:45:00,4,call,False,
INT-002189,AGT-013,2026-06-26 11:48:00,4,chat,False,
INT-002352,AGT-019,2026-06-26 12:15:00,4,chat,False,
INT-002237,AGT-015,2026-06-26 12:26:00,4,chat,False,
INT-001939,AGT-005,2026-06-26 12:37:00,4,chat,False,
INT-001839,AGT-002,2026-06-26 12:37:00,4,chat,False,
INT-002340,AGT-018,2026-06-26 12:46:00,4,chat,False,
INT-002299,AGT-017,2026-06-26 13:17:00,4,call,False,
INT-002083,AGT-010,2026-06-26 13:18:00,4,call,False,
INT-002372,AGT-020,2026-06-26 13:35:00,4,call,False,
INT-002333,AGT-018,2026-06-26 14:02:00,4,call,True,internet_issue
INT-002380,AGT-020,2026-06-26 14:07:00,4,call,False,
INT-001893,AGT-004,2026-06-26 14:09:00,4,call,False,
INT-002148,AGT-012,2026-06-26 14:13:00,4,chat,True,power_issue
INT-001963,AGT-006,2026-06-26 14:14:00,4,chat,False,
INT-002012,AGT-008,2026-06-26 14:20:00,4,chat,False,
INT-001881,AGT-003,2026-06-26 14:20:00,4,chat,False,
INT-002097,AGT-010,2026-06-26 14:34:00,4,call,False,
INT-002347,AGT-019,2026-06-26 14:36:00,4,call,False,
INT-002334,AGT-018,2026-06-26 14:58:00,4,chat,False,
INT-002211,AGT-014,2026-06-26 15:07:00,4,call,False,
INT-002162,AGT-013,2026-06-26 15:08:00,4,chat,False,
INT-002195,AGT-014,2026-06-26 15:17:00,4,call,False,
INT-002103,AGT-011,2026-06-26 15:19:00,4,chat,False,
INT-002400,AGT-020,2026-06-26 15:22:00,4,chat,False,
INT-002238,AGT-015,2026-06-26 15:25:00,4,chat,False,
INT-001902,AGT-004,2026-06-26 15:33:00,4,call,False,
INT-002011,AGT-008,2026-06-26 15:54:00,4,call,False,
INT-002361,AGT-019,2026-06-26 16:01:00,4,call,False,
INT-002079,AGT-010,2026-06-26 16:07:00,4,call,False,
INT-001808,AGT-001,2026-06-26 16:13:00,4,chat,False,
INT-002080,AGT-010,2026-06-26 16:24:00,4,chat,False,
INT-002174,AGT-013,2026-06-26 16:24:00,4,chat,False,
INT-002218,AGT-014,2026-06-26 16:27:00,4,call,False,
INT-002147,AGT-012,2026-06-26 16:36:00,4,call,False,
INT-001872,AGT-003,2026-06-26 16:40:00,4,chat,False,
INT-002197,AGT-014,2026-06-26 17:14:00,4,chat,False,
INT-001897,AGT-004,2026-06-26 17:50:00,4,chat,False,
INT-001838,AGT-002,2026-06-26 17:58:00,4,chat,False,
INT-002106,AGT-011,2026-06-26 18:04:00,4,call,False,
INT-001952,AGT-006,2026-06-26 18:07:00,4,chat,False,
INT-002308,AGT-017,2026-06-26 18:13:00,4,call,False,
INT-002065,AGT-009,2026-06-26 18:15:00,4,call,False,
INT-002383,AGT-020,2026-06-26 18:21:00,4,chat,False,
INT-001840,AGT-002,2026-06-26 18:34:00,4,call,False,
INT-001834,AGT-002,2026-06-26 18:47:00,4,chat,False,
INT-001856,AGT-002,2026-06-26 18:59:00,4,chat,False,
INT-002344,AGT-019,2026-06-26 19:08:00,4,chat,False,
INT-002022,AGT-008,2026-06-26 19:21:00,4,chat,False,
INT-002251,AGT-016,2026-06-26 19:22:00,4,call,False,
INT-001998,AGT-007,2026-06-26 19:23:00,4,call,False,
INT-001942,AGT-005,2026-06-26 19:27:00,4,chat,False,
INT-002153,AGT-012,2026-06-26 19:37:00,4,chat,False,
INT-001894,AGT-004,2026-06-26 19:52:00,4,call,False,
INT-002397,AGT-020,2026-06-27 08:01:00,4,chat,False,
INT-002263,AGT-016,2026-06-27 08:04:00,4,call,False,
INT-002186,AGT-013,2026-06-27 08:21:00,4,chat,False,
INT-002117,AGT-011,2026-06-27 08:30:00,4,call,False,
INT-001851,AGT-002,2026-06-27 08:37:00,4,chat,False,
INT-001806,AGT-001,2026-06-27 08:41:00,4,chat,False,
INT-002259,AGT-016,2026-06-27 08:42:00,4,chat,False,
INT-001958,AGT-006,2026-06-27 08:45:00,4,chat,False,
INT-002300,AGT-017,2026-06-27 08:50:00,4,call,False,
INT-001849,AGT-002,2026-06-27 08:57:00,4,chat,False,
INT-001831,AGT-002,2026-06-27 08:59:00,4,call,False,
INT-002041,AGT-009,2026-06-27 09:04:00,4,chat,False,
INT-002124,AGT-011,2026-06-27 09:08:00,4,call,False,
INT-002365,AGT-019,2026-06-27 09:10:00,4,call,False,
INT-002142,AGT-012,2026-06-27 09:18:00,4,call,False,
INT-001926,AGT-005,2026-06-27 09:22:00,4,chat,True,internet_issue
INT-002360,AGT-019,2026-06-27 09:32:00,4,chat,False,
INT-002313,AGT-018,2026-06-27 09:36:00,4,call,False,
INT-001915,AGT-004,2026-06-27 09:43:00,4,chat,False,
INT-001953,AGT-006,2026-06-27 09:43:00,4,call,False,
INT-002110,AGT-011,2026-06-27 10:12:00,4,chat,False,
INT-001962,AGT-006,2026-06-27 10:15:00,4,call,True,power_issue
INT-002112,AGT-011,2026-06-27 10:20:00,4,call,False,
INT-001805,AGT-001,2026-06-27 10:34:00,4,chat,False,
INT-001804,AGT-001,2026-06-27 10:36:00,4,chat,False,
INT-002272,AGT-016,2026-06-27 10:49:00,4,chat,False,
INT-001957,AGT-006,2026-06-27 10:49:00,4,call,False,
INT-001871,AGT-003,2026-06-27 10:58:00,4,chat,True,power_issue
INT-001807,AGT-001,2026-06-27 11:00:00,4,call,False,
INT-002198,AGT-014,2026-06-27 11:04:00,4,chat,False,
INT-002235,AGT-015,2026-06-27 11:04:00,4,call,False,
INT-002134,AGT-012,2026-06-27 11:33:00,4,call,False,
INT-002064,AGT-009,2026-06-27 11:38:00,4,call,False,
INT-001991,AGT-007,2026-06-27 11:44:00,4,chat,False,
INT-002202,AGT-014,2026-06-27 12:01:00,4,chat,False,
INT-002096,AGT-010,2026-06-27 12:03:00,4,chat,False,
INT-002193,AGT-014,2026-06-27 12:03:00,4,chat,False,
INT-002324,AGT-018,2026-06-27 12:08:00,4,call,True,other
INT-002307,AGT-017,2026-06-27 12:38:00,4,call,False,
INT-002137,AGT-012,2026-06-27 12:46:00,4,call,True,power_issue
INT-002364,AGT-019,2026-06-27 13:01:00,4,call,False,
INT-002184,AGT-013,2026-06-27 13:06:00,4,chat,True,internet_issue
INT-001961,AGT-006,2026-06-27 13:09:00,4,chat,False,
INT-002378,AGT-020,2026-06-27 13:33:00,4,call,False,
INT-002059,AGT-009,2026-06-27 13:33:00,4,call,False,
INT-002086,AGT-010,2026-06-27 13:41:00,4,chat,False,
INT-001999,AGT-007,2026-06-27 13:47:00,4,call,False,
INT-001843,AGT-002,2026-06-27 13:49:00,4,call,False,
INT-002269,AGT-016,2026-06-27 13:50:00,4,chat,False,
INT-001997,AGT-007,2026-06-27 13:58:00,4,call,False,
INT-002092,AGT-010,2026-06-27 14:05:00,4,chat,False,
INT-002203,AGT-014,2026-06-27 14:05:00,4,chat,False,
INT-001959,AGT-006,2026-06-27 14:27:00,4,call,False,
INT-002040,AGT-008,2026-06-27 14:36:00,4,call,False,
INT-002257,AGT-016,2026-06-27 14:44:00,4,chat,False,
INT-002128,AGT-011,2026-06-27 14:45:00,4,chat,False,
INT-001883,AGT-003,2026-06-27 14:46:00,4,call,False,
INT-002301,AGT-017,2026-06-27 14:51:00,4,call,False,
INT-002004,AGT-007,2026-06-27 15:02:00,4,chat,True,power_issue
INT-002210,AGT-014,2026-06-27 15:05:00,4,chat,False,
INT-002151,AGT-012,2026-06-27 15:05:00,4,call,True,power_issue
INT-001909,AGT-004,2026-06-27 15:19:00,4,chat,False,
INT-002230,AGT-015,2026-06-27 15:26:00,4,chat,False,
INT-001880,AGT-003,2026-06-27 15:41:00,4,chat,False,
INT-001964,AGT-006,2026-06-27 15:52:00,4,call,False,
INT-001928,AGT-005,2026-06-27 15:54:00,4,call,False,
INT-001857,AGT-002,2026-06-27 15:59:00,4,call,False,
INT-002019,AGT-008,2026-06-27 16:05:00,4,chat,False,
INT-002331,AGT-018,2026-06-27 16:05:00,4,call,True,power_issue
INT-002381,AGT-020,2026-06-27 16:16:00,4,call,False,
INT-002214,AGT-014,2026-06-27 16:30:00,4,chat,False,
INT-001835,AGT-002,2026-06-27 16:44:00,4,call,True,customer_disconnected_first
INT-001870,AGT-003,2026-06-27 16:48:00,4,chat,False,
INT-002260,AGT-016,2026-06-27 17:00:00,4,chat,False,
INT-001992,AGT-007,2026-06-27 17:17:00,4,chat,False,
INT-001855,AGT-002,2026-06-27 17:19:00,4,call,False,
INT-001882,AGT-003,2026-06-27 17:22:00,4,call,False,
INT-002305,AGT-017,2026-06-27 17:35:00,4,chat,False,
INT-001921,AGT-005,2026-06-27 17:38:00,4,chat,False,
INT-002204,AGT-014,2026-06-27 17:45:00,4,call,False,
INT-001913,AGT-004,2026-06-27 17:49:00,4,call,False,
INT-002249,AGT-015,2026-06-27 17:51:00,4,chat,False,
INT-002087,AGT-010,2026-06-27 17:51:00,4,call,False,
INT-002345,AGT-019,2026-06-27 17:58:00,4,chat,False,
INT-001918,AGT-004,2026-06-27 18:14:00,4,call,False,
INT-002129,AGT-011,2026-06-27 18:17:00,4,chat,False,
INT-002135,AGT-012,2026-06-27 18:19:00,4,chat,True,internet_issue
INT-002221,AGT-015,2026-06-27 18:22:00,4,call,False,
INT-002349,AGT-019,2026-06-27 18:29:00,4,chat,False,
INT-002048,AGT-009,2026-06-27 18:44:00,4,chat,False,
INT-002101,AGT-011,2026-06-27 18:54:00,4,call,False,
INT-002239,AGT-015,2026-06-27 18:55:00,4,call,False,
INT-001908,AGT-004,2026-06-27 18:57:00,4,call,False,
INT-001875,AGT-003,2026-06-27 18:58:00,4,chat,False,
INT-002155,AGT-012,2026-06-27 19:32:00,4,chat,False,
INT-002229,AGT-015,2026-06-27 19:53:00,4,call,False,
INT-002339,AGT-018,2026-06-27 19:57:00,4,call,True,power_issue
INT-001970,AGT-006,2026-06-28 08:06:00,4,chat,False,
INT-002081,AGT-010,2026-06-28 08:17:00,4,call,False,
INT-001822,AGT-001,2026-06-28 08:37:00,4,call,False,
INT-002226,AGT-015,2026-06-28 08:53:00,4,call,False,
INT-002264,AGT-016,2026-06-28 09:04:00,4,call,False,
INT-002358,AGT-019,2026-06-28 09:19:00,4,chat,False,
INT-001873,AGT-003,2026-06-28 09:22:00,4,chat,False,
INT-001972,AGT-006,2026-06-28 09:41:00,4,chat,False,
INT-002227,AGT-015,2026-06-28 09:58:00,4,call,False,
INT-002311,AGT-018,2026-06-28 09:59:00,4,call,True,internet_issue
INT-002143,AGT-012,2026-06-28 10:00:00,4,call,False,
INT-002200,AGT-014,2026-06-28 10:06:00,4,chat,False,
INT-002046,AGT-009,2026-06-28 10:14:00,4,call,False,
INT-002070,AGT-009,2026-06-28 11:11:00,4,call,False,
INT-001905,AGT-004,2026-06-28 11:12:00,4,call,False,
INT-002392,AGT-020,2026-06-28 11:12:00,4,call,False,
INT-002247,AGT-015,2026-06-28 11:15:00,4,chat,False,
INT-002351,AGT-019,2026-06-28 11:19:00,4,chat,False,
INT-001801,AGT-001,2026-06-28 11:33:00,4,call,False,
INT-001837,AGT-002,2026-06-28 11:35:00,4,chat,False,
INT-002327,AGT-018,2026-06-28 11:38:00,4,call,True,internet_issue
INT-002157,AGT-012,2026-06-28 11:43:00,4,chat,False,
INT-002309,AGT-017,2026-06-28 11:48:00,4,call,False,
INT-001993,AGT-007,2026-06-28 11:50:00,4,call,True,internet_issue
INT-002085,AGT-010,2026-06-28 11:52:00,4,chat,False,
INT-002262,AGT-016,2026-06-28 11:59:00,4,chat,False,
INT-002051,AGT-009,2026-06-28 12:15:00,4,call,False,
INT-002341,AGT-019,2026-06-28 12:31:00,4,chat,False,
INT-002061,AGT-009,2026-06-28 12:37:00,4,call,False,
INT-001965,AGT-006,2026-06-28 12:49:00,4,call,False,
INT-001869,AGT-003,2026-06-28 12:50:00,4,chat,False,
INT-002001,AGT-007,2026-06-28 13:01:00,4,call,False,
INT-002285,AGT-017,2026-06-28 13:02:00,4,call,False,
INT-002158,AGT-012,2026-06-28 13:04:00,4,call,False,
INT-001932,AGT-005,2026-06-28 13:09:00,4,call,False,
INT-001826,AGT-001,2026-06-28 13:09:00,4,call,False,
INT-002090,AGT-010,2026-06-28 13:26:00,4,call,False,
INT-002275,AGT-016,2026-06-28 13:35:00,4,call,False,
INT-001941,AGT-005,2026-06-28 13:38:00,4,call,False,
INT-001876,AGT-003,2026-06-28 13:45:00,4,chat,False,
INT-002017,AGT-008,2026-06-28 13:57:00,4,chat,False,
INT-001938,AGT-005,2026-06-28 14:08:00,4,chat,False,
INT-002253,AGT-016,2026-06-28 14:08:00,4,call,False,
INT-001852,AGT-002,2026-06-28 14:19:00,4,chat,False,
INT-002060,AGT-009,2026-06-28 14:25:00,4,call,False,
INT-002109,AGT-011,2026-06-28 14:45:00,4,chat,False,
INT-001891,AGT-004,2026-06-28 14:53:00,4,call,False,
INT-002020,AGT-008,2026-06-28 15:01:00,4,call,True,unresolved_handoff
INT-002130,AGT-011,2026-06-28 15:16:00,4,chat,False,
INT-001812,AGT-001,2026-06-28 15:24:00,4,call,False,
INT-001820,AGT-001,2026-06-28 15:26:00,4,chat,False,
INT-002398,AGT-020,2026-06-28 15:31:00,4,call,False,
INT-002335,AGT-018,2026-06-28 15:32:00,4,chat,True,internet_issue
INT-002133,AGT-012,2026-06-28 15:36:00,4,chat,True,internet_issue
INT-002295,AGT-017,2026-06-28 15:43:00,4,chat,False,
INT-002025,AGT-008,2026-06-28 15:49:00,4,call,False,
INT-002119,AGT-011,2026-06-28 16:16:00,4,chat,False,
INT-002149,AGT-012,2026-06-28 16:19:00,4,chat,False,
INT-002266,AGT-016,2026-06-28 16:31:00,4,call,False,
INT-002289,AGT-017,2026-06-28 16:31:00,4,chat,False,
INT-001900,AGT-004,2026-06-28 16:34:00,4,call,False,
INT-002095,AGT-010,2026-06-28 16:37:00,4,chat,False,
INT-002091,AGT-010,2026-06-28 16:44:00,4,call,False,
INT-001810,AGT-001,2026-06-28 16:44:00,4,chat,False,
INT-002250,AGT-015,2026-06-28 16:50:00,4,chat,False,
INT-002336,AGT-018,2026-06-28 16:55:00,4,call,True,power_issue
INT-002318,AGT-018,2026-06-28 17:08:00,4,chat,False,
INT-002098,AGT-010,2026-06-28 17:15:00,4,call,False,
INT-002056,AGT-009,2026-06-28 17:37:00,4,chat,False,
INT-001895,AGT-004,2026-06-28 17:40:00,4,chat,False,
INT-002053,AGT-009,2026-06-28 18:05:00,4,chat,False,
INT-001832,AGT-002,2026-06-28 18:07:00,4,call,False,
INT-002152,AGT-012,2026-06-28 18:10:00,4,call,False,
INT-002374,AGT-020,2026-06-28 18:11:00,4,chat,False,
INT-002034,AGT-008,2026-06-28 18:11:00,4,chat,False,
INT-001925,AGT-005,2026-06-28 18:13:00,4,chat,False,
INT-001947,AGT-005,2026-06-28 18:22:00,4,chat,False,
INT-002161,AGT-013,2026-06-28 18:38:00,4,call,False,
INT-002100,AGT-010,2026-06-28 18:47:00,4,chat,False,
INT-002277,AGT-016,2026-06-28 18:48:00,4,call,False,
INT-002007,AGT-007,2026-06-28 19:03:00,4,chat,False,
INT-002192,AGT-014,2026-06-28 19:03:00,4,chat,False,
INT-001979,AGT-006,2026-06-28 19:14:00,4,chat,False,
INT-002108,AGT-011,2026-06-28 19:15:00,4,call,False,
INT-002284,AGT-017,2026-06-28 19:19:00,4,call,False,
INT-002208,AGT-014,2026-06-28 19:19:00,4,call,True,customer_disconnected_first
INT-002388,AGT-020,2026-06-28 19:25:00,4,call,False,
INT-002319,AGT-018,2026-06-28 19:27:00,4,call,True,internet_issue
INT-002325,AGT-018,2026-06-28 19:35:00,4,call,True,internet_issue
INT-002271,AGT-016,2026-06-28 19:35:00,4,call,False,
INT-002037,AGT-008,2026-06-28 19:38:00,4,call,False,
INT-002370,AGT-019,2026-06-28 19:49:00,4,chat,False,
INT-002915,AGT-018,2026-06-29 08:06:00,5,call,False,
INT-002880,AGT-016,2026-06-29 08:08:00,5,call,False,
INT-002424,AGT-001,2026-06-29 08:11:00,5,chat,False,
INT-002911,AGT-018,2026-06-29 08:11:00,5,chat,False,
INT-002463,AGT-003,2026-06-29 08:23:00,5,call,False,
INT-002637,AGT-008,2026-06-29 08:26:00,5,chat,False,
INT-002554,AGT-006,2026-06-29 08:39:00,5,call,False,
INT-002663,AGT-009,2026-06-29 08:43:00,5,chat,False,
INT-002474,AGT-003,2026-06-29 08:43:00,5,chat,False,
INT-002452,AGT-002,2026-06-29 08:55:00,5,chat,False,
INT-002730,AGT-011,2026-06-29 09:13:00,5,call,False,
INT-002781,AGT-013,2026-06-29 09:27:00,5,chat,False,
INT-002456,AGT-002,2026-06-29 09:36:00,5,chat,False,
INT-002675,AGT-010,2026-06-29 09:48:00,5,chat,False,
INT-002710,AGT-011,2026-06-29 09:48:00,5,call,False,
INT-002829,AGT-015,2026-06-29 10:01:00,5,chat,False,
INT-002803,AGT-014,2026-06-29 10:24:00,5,call,False,
INT-002844,AGT-015,2026-06-29 10:30:00,5,call,False,
INT-002436,AGT-002,2026-06-29 10:34:00,5,chat,False,
INT-002528,AGT-005,2026-06-29 10:44:00,5,chat,False,
INT-002571,AGT-006,2026-06-29 10:46:00,5,call,False,
INT-002417,AGT-001,2026-06-29 10:56:00,5,chat,False,
INT-002933,AGT-018,2026-06-29 11:00:00,5,call,False,
INT-002448,AGT-002,2026-06-29 11:07:00,5,call,False,
INT-002454,AGT-002,2026-06-29 11:41:00,5,chat,False,
INT-002574,AGT-006,2026-06-29 11:44:00,5,chat,False,
INT-002749,AGT-012,2026-06-29 11:48:00,5,chat,True,power_issue
INT-002971,AGT-020,2026-06-29 11:52:00,5,chat,False,
INT-002997,AGT-020,2026-06-29 11:53:00,5,call,True,internet_issue
INT-002449,AGT-002,2026-06-29 11:58:00,5,chat,True,customer_disconnected_first
INT-002991,AGT-020,2026-06-29 12:00:00,5,chat,False,
INT-002745,AGT-012,2026-06-29 12:02:00,5,chat,False,
INT-002526,AGT-005,2026-06-29 12:05:00,5,call,False,
INT-002859,AGT-016,2026-06-29 12:05:00,5,call,False,
INT-002967,AGT-019,2026-06-29 12:13:00,5,call,False,
INT-002633,AGT-008,2026-06-29 12:24:00,5,call,False,
INT-002934,AGT-018,2026-06-29 12:27:00,5,chat,False,
INT-002811,AGT-014,2026-06-29 12:36:00,5,chat,False,
INT-002941,AGT-019,2026-06-29 12:38:00,5,call,False,
INT-002955,AGT-019,2026-06-29 12:44:00,5,call,False,
INT-002664,AGT-009,2026-06-29 12:47:00,5,chat,False,
INT-002962,AGT-019,2026-06-29 13:07:00,5,chat,True,customer_disconnected_first
INT-002615,AGT-008,2026-06-29 13:11:00,5,chat,False,
INT-002506,AGT-004,2026-06-29 13:15:00,5,call,False,
INT-002497,AGT-004,2026-06-29 13:22:00,5,chat,False,
INT-002956,AGT-019,2026-06-29 13:24:00,5,chat,False,
INT-002420,AGT-001,2026-06-29 13:26:00,5,call,False,
INT-002495,AGT-004,2026-06-29 13:46:00,5,chat,False,
INT-002963,AGT-019,2026-06-29 13:48:00,5,chat,False,
INT-002917,AGT-018,2026-06-29 13:49:00,5,chat,False,
INT-002604,AGT-007,2026-06-29 13:56:00,5,call,False,
INT-002435,AGT-002,2026-06-29 13:56:00,5,call,False,
INT-002562,AGT-006,2026-06-29 14:09:00,5,call,False,
INT-002422,AGT-001,2026-06-29 14:10:00,5,chat,False,
INT-002499,AGT-004,2026-06-29 14:13:00,5,chat,False,
INT-002755,AGT-012,2026-06-29 14:21:00,5,call,True,customer_disconnected_first
INT-002556,AGT-006,2026-06-29 14:27:00,5,chat,False,
INT-002722,AGT-011,2026-06-29 14:39:00,5,chat,False,
INT-002509,AGT-004,2026-06-29 14:51:00,5,chat,False,
INT-002494,AGT-004,2026-06-29 14:59:00,5,chat,False,
INT-002957,AGT-019,2026-06-29 14:59:00,5,chat,False,
INT-002610,AGT-007,2026-06-29 15:02:00,5,chat,False,
INT-002848,AGT-015,2026-06-29 15:25:00,5,call,False,
INT-002685,AGT-010,2026-06-29 15:26:00,5,call,False,
INT-002431,AGT-002,2026-06-29 15:42:00,5,chat,False,
INT-002701,AGT-011,2026-06-29 15:57:00,5,call,False,
INT-002572,AGT-006,2026-06-29 15:58:00,5,call,False,
INT-002596,AGT-007,2026-06-29 16:06:00,5,call,True,power_issue
INT-002573,AGT-006,2026-06-29 16:12:00,5,chat,False,
INT-002626,AGT-008,2026-06-29 16:13:00,5,chat,True,internet_issue
INT-002752,AGT-012,2026-06-29 16:20:00,5,call,False,
INT-002824,AGT-015,2026-06-29 16:23:00,5,call,True,internet_issue
INT-002861,AGT-016,2026-06-29 16:31:00,5,chat,False,
INT-002878,AGT-016,2026-06-29 16:36:00,5,call,False,
INT-002546,AGT-005,2026-06-29 16:45:00,5,chat,True,power_issue
INT-002676,AGT-010,2026-06-29 16:45:00,5,call,False,
INT-002709,AGT-011,2026-06-29 16:49:00,5,call,False,
INT-002520,AGT-004,2026-06-29 17:12:00,5,call,False,
INT-002764,AGT-013,2026-06-29 17:14:00,5,chat,False,
INT-002423,AGT-001,2026-06-29 17:23:00,5,call,True,internet_issue
INT-002505,AGT-004,2026-06-29 17:31:00,5,call,False,
INT-002818,AGT-014,2026-06-29 17:34:00,5,call,False,
INT-002835,AGT-015,2026-06-29 17:47:00,5,chat,False,
INT-002888,AGT-017,2026-06-29 17:52:00,5,call,False,
INT-002928,AGT-018,2026-06-29 17:55:00,5,call,True,power_issue
INT-002841,AGT-015,2026-06-29 17:55:00,5,chat,False,
INT-002923,AGT-018,2026-06-29 18:03:00,5,call,False,
INT-002450,AGT-002,2026-06-29 18:24:00,5,chat,False,
INT-002433,AGT-002,2026-06-29 18:28:00,5,chat,False,
INT-002512,AGT-004,2026-06-29 18:35:00,5,call,True,customer_disconnected_first
INT-002401,AGT-001,2026-06-29 18:42:00,5,call,False,
INT-002461,AGT-003,2026-06-29 19:02:00,5,chat,False,
INT-002719,AGT-011,2026-06-29 19:18:00,5,chat,False,
INT-002743,AGT-012,2026-06-29 19:28:00,5,chat,False,
INT-002552,AGT-006,2026-06-29 19:31:00,5,chat,False,
INT-002451,AGT-002,2026-06-29 19:36:00,5,call,False,
INT-002694,AGT-010,2026-06-29 19:49:00,5,chat,False,
INT-002653,AGT-009,2026-06-29 19:58:00,5,call,False,
INT-002893,AGT-017,2026-06-30 08:04:00,5,call,False,
INT-002786,AGT-013,2026-06-30 08:19:00,5,chat,False,
INT-002501,AGT-004,2026-06-30 08:33:00,5,call,False,
INT-002667,AGT-009,2026-06-30 09:01:00,5,chat,False,
INT-002493,AGT-004,2026-06-30 09:14:00,5,chat,False,
INT-002970,AGT-019,2026-06-30 09:17:00,5,call,False,
INT-002814,AGT-014,2026-06-30 09:22:00,5,chat,False,
INT-002480,AGT-003,2026-06-30 09:26:00,5,chat,False,
INT-002402,AGT-001,2026-06-30 09:31:00,5,call,False,
INT-002563,AGT-006,2026-06-30 09:41:00,5,call,False,
INT-002932,AGT-018,2026-06-30 09:42:00,5,call,False,
INT-002517,AGT-004,2026-06-30 09:47:00,5,call,False,
INT-002761,AGT-013,2026-06-30 09:59:00,5,chat,False,
INT-003000,AGT-020,2026-06-30 10:00:00,5,call,False,
INT-002612,AGT-008,2026-06-30 10:11:00,5,chat,False,
INT-002498,AGT-004,2026-06-30 10:12:00,5,call,False,
INT-002702,AGT-011,2026-06-30 10:17:00,5,chat,False,
INT-002668,AGT-009,2026-06-30 10:32:00,5,call,False,
INT-002806,AGT-014,2026-06-30 10:39:00,5,call,False,
INT-002568,AGT-006,2026-06-30 10:43:00,5,call,True,customer_disconnected_first
INT-002768,AGT-013,2026-06-30 11:04:00,5,call,True,customer_disconnected_first
INT-002638,AGT-008,2026-06-30 11:17:00,5,call,False,
INT-002666,AGT-009,2026-06-30 11:24:00,5,call,False,
INT-002486,AGT-003,2026-06-30 11:33:00,5,chat,False,
INT-002802,AGT-014,2026-06-30 11:58:00,5,call,False,
INT-002869,AGT-016,2026-06-30 12:11:00,5,call,False,
INT-002940,AGT-018,2026-06-30 12:19:00,5,chat,False,
INT-002439,AGT-002,2026-06-30 12:43:00,5,chat,False,
INT-002651,AGT-009,2026-06-30 12:50:00,5,call,False,
INT-002952,AGT-019,2026-06-30 13:15:00,5,chat,False,
INT-002649,AGT-009,2026-06-30 14:11:00,5,call,False,
INT-002798,AGT-014,2026-06-30 14:19:00,5,chat,True,customer_disconnected_first
INT-002543,AGT-005,2026-06-30 14:40:00,5,chat,False,
INT-002759,AGT-012,2026-06-30 14:46:00,5,chat,False,
INT-002854,AGT-016,2026-06-30 14:47:00,5,call,False,
INT-002630,AGT-008,2026-06-30 14:47:00,5,call,False,
INT-002961,AGT-019,2026-06-30 15:02:00,5,call,False,
INT-002795,AGT-014,2026-06-30 15:07:00,5,call,False,
INT-002595,AGT-007,2026-06-30 15:18:00,5,chat,False,
INT-002715,AGT-011,2026-06-30 15:32:00,5,chat,False,
INT-002868,AGT-016,2026-06-30 15:46:00,5,chat,False,
INT-002840,AGT-015,2026-06-30 15:50:00,5,call,False,
INT-002634,AGT-008,2026-06-30 15:58:00,5,call,False,
INT-002987,AGT-020,2026-06-30 16:00:00,5,chat,False,
INT-002525,AGT-005,2026-06-30 16:03:00,5,call,False,
INT-002996,AGT-020,2026-06-30 16:06:00,5,chat,False,
INT-002879,AGT-016,2026-06-30 16:16:00,5,chat,False,
INT-002813,AGT-014,2026-06-30 16:48:00,5,chat,False,
INT-002629,AGT-008,2026-06-30 16:55:00,5,call,False,
INT-002425,AGT-001,2026-06-30 17:05:00,5,call,False,
INT-002979,AGT-020,2026-06-30 17:07:00,5,chat,False,
INT-002479,AGT-003,2026-06-30 17:12:00,5,chat,False,
INT-002939,AGT-018,2026-06-30 17:18:00,5,call,False,
INT-002772,AGT-013,2026-06-30 17:34:00,5,chat,False,
INT-002900,AGT-017,2026-06-30 17:52:00,5,chat,False,
INT-002924,AGT-018,2026-06-30 18:13:00,5,chat,False,
INT-002876,AGT-016,2026-06-30 18:17:00,5,call,False,
INT-002716,AGT-011,2026-06-30 18:25:00,5,call,False,
INT-002511,AGT-004,2026-06-30 18:35:00,5,chat,False,
INT-002855,AGT-016,2026-06-30 18:55:00,5,chat,False,
INT-002599,AGT-007,2026-06-30 19:06:00,5,call,False,
INT-002672,AGT-010,2026-06-30 19:17:00,5,call,False,
INT-002951,AGT-019,2026-06-30 19:22:00,5,call,False,
INT-002442,AGT-002,2026-06-30 19:28:00,5,chat,False,
INT-002758,AGT-012,2026-06-30 19:30:00,5,chat,False,
INT-002741,AGT-012,2026-06-30 19:30:00,5,call,True,other
INT-002926,AGT-018,2026-06-30 19:36:00,5,chat,False,
INT-002481,AGT-003,2026-06-30 19:54:00,5,chat,False,
INT-002516,AGT-004,2026-06-30 19:56:00,5,chat,False,
INT-002658,AGT-009,2026-07-01 08:09:00,5,chat,False,
INT-002469,AGT-003,2026-07-01 08:10:00,5,chat,False,
INT-002695,AGT-010,2026-07-01 08:10:00,5,call,False,
INT-002975,AGT-020,2026-07-01 08:15:00,5,call,False,
INT-002864,AGT-016,2026-07-01 08:34:00,5,chat,False,
INT-002619,AGT-008,2026-07-01 08:38:00,5,chat,False,
INT-002593,AGT-007,2026-07-01 08:48:00,5,chat,False,
INT-002877,AGT-016,2026-07-01 08:48:00,5,call,False,
INT-002515,AGT-004,2026-07-01 08:50:00,5,chat,False,
INT-002548,AGT-005,2026-07-01 08:54:00,5,call,False,
INT-002703,AGT-011,2026-07-01 09:05:00,5,call,False,
INT-002805,AGT-014,2026-07-01 09:12:00,5,call,False,
INT-002866,AGT-016,2026-07-01 09:21:00,5,call,False,
INT-002537,AGT-005,2026-07-01 09:24:00,5,chat,False,
INT-002812,AGT-014,2026-07-01 09:28:00,5,chat,False,
INT-002846,AGT-015,2026-07-01 09:34:00,5,chat,False,
INT-002472,AGT-003,2026-07-01 09:42:00,5,call,False,
INT-002837,AGT-015,2026-07-01 09:52:00,5,call,False,
INT-002555,AGT-006,2026-07-01 10:15:00,5,chat,False,
INT-002545,AGT-005,2026-07-01 10:17:00,5,call,False,
INT-002561,AGT-006,2026-07-01 10:22:00,5,chat,False,
INT-002673,AGT-010,2026-07-01 10:29:00,5,call,False,
INT-002748,AGT-012,2026-07-01 10:30:00,5,chat,False,
INT-002872,AGT-016,2026-07-01 10:33:00,5,call,False,
INT-002418,AGT-001,2026-07-01 10:59:00,5,chat,False,
INT-002820,AGT-014,2026-07-01 11:13:00,5,chat,False,
INT-002757,AGT-012,2026-07-01 11:17:00,5,chat,False,
INT-002578,AGT-006,2026-07-01 11:25:00,5,call,False,
INT-002466,AGT-003,2026-07-01 11:30:00,5,chat,False,
INT-002804,AGT-014,2026-07-01 11:36:00,5,chat,False,
INT-002540,AGT-005,2026-07-01 11:42:00,5,call,False,
INT-002908,AGT-017,2026-07-01 11:43:00,5,chat,False,
INT-002490,AGT-003,2026-07-01 12:02:00,5,call,False,
INT-002852,AGT-016,2026-07-01 12:09:00,5,call,False,
INT-002465,AGT-003,2026-07-01 12:16:00,5,call,False,
INT-002968,AGT-019,2026-07-01 12:41:00,5,chat,False,
INT-002457,AGT-002,2026-07-01 13:02:00,5,call,False,
INT-002721,AGT-011,2026-07-01 13:04:00,5,chat,False,
INT-002930,AGT-018,2026-07-01 13:05:00,5,call,False,
INT-002918,AGT-018,2026-07-01 13:06:00,5,chat,False,
INT-002585,AGT-007,2026-07-01 13:41:00,5,call,False,
INT-002616,AGT-008,2026-07-01 13:47:00,5,chat,False,
INT-002826,AGT-015,2026-07-01 13:50:00,5,chat,False,
INT-002594,AGT-007,2026-07-01 14:13:00,5,chat,False,
INT-002983,AGT-020,2026-07-01 14:16:00,5,call,False,
INT-002714,AGT-011,2026-07-01 14:16:00,5,call,False,
INT-002782,AGT-013,2026-07-01 14:18:00,5,call,False,
INT-002732,AGT-012,2026-07-01 14:31:00,5,chat,False,
INT-002931,AGT-018,2026-07-01 14:52:00,5,call,True,power_issue
INT-002478,AGT-003,2026-07-01 14:58:00,5,call,False,
INT-002582,AGT-007,2026-07-01 15:12:00,5,call,False,
INT-002810,AGT-014,2026-07-01 15:14:00,5,chat,False,
INT-002492,AGT-004,2026-07-01 15:18:00,5,call,False,
INT-002532,AGT-005,2026-07-01 15:21:00,5,chat,False,
INT-002778,AGT-013,2026-07-01 15:43:00,5,chat,False,
INT-002706,AGT-011,2026-07-01 15:44:00,5,call,True,power_issue
INT-002912,AGT-018,2026-07-01 15:46:00,5,chat,False,
INT-002669,AGT-009,2026-07-01 15:54:00,5,chat,False,
INT-002913,AGT-018,2026-07-01 15:56:00,5,chat,False,
INT-002539,AGT-005,2026-07-01 16:18:00,5,call,False,
INT-002631,AGT-008,2026-07-01 16:22:00,5,call,False,
INT-002726,AGT-011,2026-07-01 16:51:00,5,chat,False,
INT-002518,AGT-004,2026-07-01 16:52:00,5,call,False,
INT-002867,AGT-016,2026-07-01 17:01:00,5,chat,False,
INT-002464,AGT-003,2026-07-01 17:03:00,5,chat,False,
INT-002440,AGT-002,2026-07-01 17:06:00,5,call,False,
INT-002816,AGT-014,2026-07-01 17:46:00,5,call,True,unresolved_handoff
INT-002954,AGT-019,2026-07-01 17:54:00,5,call,False,
INT-002871,AGT-016,2026-07-01 18:00:00,5,chat,False,
INT-002845,AGT-015,2026-07-01 18:00:00,5,call,False,
INT-002687,AGT-010,2026-07-01 18:04:00,5,call,False,
INT-002886,AGT-017,2026-07-01 18:10:00,5,chat,False,
INT-002744,AGT-012,2026-07-01 18:13:00,5,chat,False,
INT-002408,AGT-001,2026-07-01 18:23:00,5,chat,False,
INT-002815,AGT-014,2026-07-01 18:26:00,5,call,False,
INT-002421,AGT-001,2026-07-01 18:31:00,5,chat,False,
INT-002742,AGT-012,2026-07-01 18:32:00,5,chat,False,
INT-002519,AGT-004,2026-07-01 18:39:00,5,call,False,
INT-002736,AGT-012,2026-07-01 19:11:00,5,call,False,
INT-002643,AGT-009,2026-07-01 19:15:00,5,chat,False,
INT-002856,AGT-016,2026-07-01 19:20:00,5,chat,False,
INT-002789,AGT-013,2026-07-01 19:27:00,5,chat,False,
INT-002887,AGT-017,2026-07-01 19:42:00,5,call,False,
INT-002661,AGT-009,2026-07-01 19:42:00,5,call,False,
INT-002682,AGT-010,2026-07-01 19:42:00,5,chat,False,
INT-002601,AGT-007,2026-07-01 19:51:00,5,chat,False,
INT-002679,AGT-010,2026-07-01 19:55:00,5,chat,False,
INT-002623,AGT-008,2026-07-02 08:00:00,5,chat,False,
INT-002553,AGT-006,2026-07-02 08:06:00,5,call,False,
INT-002590,AGT-007,2026-07-02 08:07:00,5,call,False,
INT-002882,AGT-017,2026-07-02 08:17:00,5,chat,False,
INT-002476,AGT-003,2026-07-02 08:20:00,5,call,False,
INT-002905,AGT-017,2026-07-02 08:38:00,5,chat,False,
INT-002920,AGT-018,2026-07-02 08:39:00,5,call,False,
INT-002603,AGT-007,2026-07-02 08:42:00,5,chat,False,
INT-002565,AGT-006,2026-07-02 08:48:00,5,chat,False,
INT-002799,AGT-014,2026-07-02 09:04:00,5,call,False,
INT-002838,AGT-015,2026-07-02 09:09:00,5,call,False,
INT-002704,AGT-011,2026-07-02 09:12:00,5,chat,False,
INT-002902,AGT-017,2026-07-02 09:13:00,5,call,False,
INT-002943,AGT-019,2026-07-02 09:21:00,5,chat,False,
INT-002935,AGT-018,2026-07-02 09:23:00,5,chat,False,
INT-002884,AGT-017,2026-07-02 09:34:00,5,call,False,
INT-002863,AGT-016,2026-07-02 09:34:00,5,chat,False,
INT-002482,AGT-003,2026-07-02 09:36:00,5,call,False,
INT-002468,AGT-003,2026-07-02 09:40:00,5,call,False,
INT-002605,AGT-007,2026-07-02 10:01:00,5,call,False,
INT-002775,AGT-013,2026-07-02 10:57:00,5,chat,False,
INT-002903,AGT-017,2026-07-02 11:10:00,5,chat,False,
INT-002534,AGT-005,2026-07-02 11:34:00,5,chat,False,
INT-002628,AGT-008,2026-07-02 11:39:00,5,call,False,
INT-002774,AGT-013,2026-07-02 11:54:00,5,chat,False,
INT-002674,AGT-010,2026-07-02 12:02:00,5,call,False,
INT-002678,AGT-010,2026-07-02 12:02:00,5,call,False,
INT-002538,AGT-005,2026-07-02 12:15:00,5,call,False,
INT-002713,AGT-011,2026-07-02 12:18:00,5,call,False,
INT-002763,AGT-013,2026-07-02 12:21:00,5,call,False,
INT-002460,AGT-002,2026-07-02 12:24:00,5,chat,False,
INT-002483,AGT-003,2026-07-02 12:25:00,5,chat,False,
INT-002779,AGT-013,2026-07-02 12:26:00,5,chat,False,
INT-002776,AGT-013,2026-07-02 12:27:00,5,call,False,
INT-002875,AGT-016,2026-07-02 12:29:00,5,chat,False,
INT-002819,AGT-014,2026-07-02 12:32:00,5,call,False,
INT-002836,AGT-015,2026-07-02 12:48:00,5,chat,False,
INT-002614,AGT-008,2026-07-02 12:51:00,5,call,False,
INT-002491,AGT-004,2026-07-02 12:57:00,5,call,False,
INT-002415,AGT-001,2026-07-02 13:10:00,5,chat,True,other
INT-002591,AGT-007,2026-07-02 13:11:00,5,call,False,
INT-002874,AGT-016,2026-07-02 13:23:00,5,call,False,
INT-002500,AGT-004,2026-07-02 13:25:00,5,call,False,
INT-002711,AGT-011,2026-07-02 13:25:00,5,call,False,
INT-002488,AGT-003,2026-07-02 13:31:00,5,chat,True,unresolved_handoff
INT-002851,AGT-016,2026-07-02 13:35:00,5,chat,False,
INT-002645,AGT-009,2026-07-02 14:11:00,5,call,False,
INT-002443,AGT-002,2026-07-02 14:16:00,5,call,False,
INT-002696,AGT-010,2026-07-02 14:21:00,5,chat,False,
INT-002507,AGT-004,2026-07-02 14:46:00,5,call,False,
INT-002513,AGT-004,2026-07-02 14:50:00,5,call,False,
INT-002558,AGT-006,2026-07-02 15:10:00,5,call,False,
INT-002937,AGT-018,2026-07-02 15:12:00,5,chat,True,unresolved_handoff
INT-002762,AGT-013,2026-07-02 15:14:00,5,call,False,
INT-002654,AGT-009,2026-07-02 15:24:00,5,chat,False,
INT-002809,AGT-014,2026-07-02 15:25:00,5,call,False,
INT-002427,AGT-001,2026-07-02 15:28:00,5,call,False,
INT-002731,AGT-012,2026-07-02 15:39:00,5,chat,False,
INT-002847,AGT-015,2026-07-02 16:08:00,5,call,False,
INT-002693,AGT-010,2026-07-02 16:25:00,5,chat,False,
INT-002843,AGT-015,2026-07-02 16:29:00,5,chat,False,
INT-002850,AGT-015,2026-07-02 16:34:00,5,chat,False,
INT-002428,AGT-001,2026-07-02 16:34:00,5,call,False,
INT-002608,AGT-007,2026-07-02 16:54:00,5,call,False,
INT-002522,AGT-005,2026-07-02 16:55:00,5,chat,False,
INT-002471,AGT-003,2026-07-02 16:56:00,5,chat,False,
INT-002597,AGT-007,2026-07-02 17:10:00,5,chat,False,
INT-002858,AGT-016,2026-07-02 17:12:00,5,chat,False,
INT-002936,AGT-018,2026-07-02 17:16:00,5,chat,False,
INT-002510,AGT-004,2026-07-02 17:26:00,5,chat,False,
INT-002620,AGT-008,2026-07-02 17:53:00,5,chat,False,
INT-002462,AGT-003,2026-07-02 18:00:00,5,chat,False,
INT-002734,AGT-012,2026-07-02 18:26:00,5,chat,False,
INT-002909,AGT-017,2026-07-02 18:51:00,5,call,False,
INT-002801,AGT-014,2026-07-02 19:13:00,5,call,False,
INT-002484,AGT-003,2026-07-02 19:15:00,5,call,False,
INT-002613,AGT-008,2026-07-02 19:22:00,5,call,False,
INT-002487,AGT-003,2026-07-02 19:22:00,5,chat,False,
INT-002586,AGT-007,2026-07-02 19:23:00,5,chat,False,
INT-002929,AGT-018,2026-07-02 19:27:00,5,call,False,
INT-002733,AGT-012,2026-07-02 19:34:00,5,chat,True,power_issue
INT-002441,AGT-002,2026-07-02 19:39:00,5,call,False,
INT-002647,AGT-009,2026-07-02 19:53:00,5,call,False,
INT-002825,AGT-015,2026-07-03 08:05:00,5,chat,True,unresolved_handoff
INT-002583,AGT-007,2026-07-03 08:14:00,5,chat,False,
INT-002881,AGT-017,2026-07-03 08:15:00,5,chat,False,
INT-002444,AGT-002,2026-07-03 08:18:00,5,chat,False,
INT-002785,AGT-013,2026-07-03 08:23:00,5,chat,False,
INT-002780,AGT-013,2026-07-03 08:38:00,5,call,False,
INT-002922,AGT-018,2026-07-03 08:41:00,5,call,False,
INT-002453,AGT-002,2026-07-03 08:42:00,5,call,False,
INT-002434,AGT-002,2026-07-03 08:53:00,5,call,False,
INT-002842,AGT-015,2026-07-03 08:57:00,5,call,False,
INT-002541,AGT-005,2026-07-03 09:00:00,5,call,False,
INT-002899,AGT-017,2026-07-03 09:08:00,5,call,False,
INT-002579,AGT-006,2026-07-03 09:17:00,5,call,False,
INT-002988,AGT-020,2026-07-03 09:25:00,5,call,True,unresolved_handoff
INT-002822,AGT-015,2026-07-03 09:33:00,5,call,True,customer_disconnected_first
INT-002978,AGT-020,2026-07-03 09:36:00,5,call,False,
INT-002686,AGT-010,2026-07-03 09:38:00,5,call,False,
INT-002557,AGT-006,2026-07-03 09:54:00,5,call,False,
INT-002965,AGT-019,2026-07-03 10:03:00,5,chat,False,
INT-002536,AGT-005,2026-07-03 10:09:00,5,chat,False,
INT-002677,AGT-010,2026-07-03 10:39:00,5,chat,False,
INT-002724,AGT-011,2026-07-03 10:40:00,5,chat,False,
INT-002833,AGT-015,2026-07-03 10:43:00,5,chat,False,
INT-002737,AGT-012,2026-07-03 11:00:00,5,call,False,
INT-002412,AGT-001,2026-07-03 11:16:00,5,call,False,
INT-002728,AGT-011,2026-07-03 11:17:00,5,call,False,
INT-002960,AGT-019,2026-07-03 11:21:00,5,chat,False,
INT-002445,AGT-002,2026-07-03 11:37:00,5,call,False,
INT-002982,AGT-020,2026-07-03 11:42:00,5,call,False,
INT-002760,AGT-012,2026-07-03 12:00:00,5,chat,False,
INT-002828,AGT-015,2026-07-03 12:06:00,5,call,False,
INT-002602,AGT-007,2026-07-03 12:08:00,5,chat,False,
INT-002907,AGT-017,2026-07-03 12:09:00,5,call,False,
INT-002529,AGT-005,2026-07-03 12:17:00,5,chat,True,power_issue
INT-002821,AGT-015,2026-07-03 12:20:00,5,call,False,
INT-002485,AGT-003,2026-07-03 12:20:00,5,call,False,
INT-002783,AGT-013,2026-07-03 12:28:00,5,call,False,
INT-002639,AGT-008,2026-07-03 12:45:00,5,chat,False,
INT-002796,AGT-014,2026-07-03 12:49:00,5,call,False,
INT-002683,AGT-010,2026-07-03 12:50:00,5,call,False,
INT-002945,AGT-019,2026-07-03 12:51:00,5,call,False,
INT-002717,AGT-011,2026-07-03 13:07:00,5,chat,False,
INT-002981,AGT-020,2026-07-03 13:07:00,5,call,False,
INT-002403,AGT-001,2026-07-03 13:09:00,5,chat,False,
INT-002621,AGT-008,2026-07-03 13:14:00,5,call,False,
INT-002894,AGT-017,2026-07-03 13:15:00,5,chat,False,
INT-002411,AGT-001,2026-07-03 13:20:00,5,call,False,
INT-002496,AGT-004,2026-07-03 13:34:00,5,call,False,
INT-002692,AGT-010,2026-07-03 13:45:00,5,chat,False,
INT-002784,AGT-013,2026-07-03 13:57:00,5,chat,False,
INT-002754,AGT-012,2026-07-03 14:00:00,5,call,False,
INT-002720,AGT-011,2026-07-03 14:04:00,5,chat,False,
INT-002827,AGT-015,2026-07-03 14:26:00,5,chat,False,
INT-002642,AGT-009,2026-07-03 14:31:00,5,chat,False,
INT-002581,AGT-007,2026-07-03 14:34:00,5,chat,True,power_issue
INT-002891,AGT-017,2026-07-03 14:56:00,5,call,False,
INT-002942,AGT-019,2026-07-03 15:07:00,5,chat,False,
INT-002958,AGT-019,2026-07-03 15:14:00,5,chat,False,
INT-002650,AGT-009,2026-07-03 15:14:00,5,chat,False,
INT-002576,AGT-006,2026-07-03 15:17:00,5,chat,False,
INT-002533,AGT-005,2026-07-03 15:37:00,5,chat,False,
INT-002598,AGT-007,2026-07-03 15:39:00,5,call,False,
INT-002566,AGT-006,2026-07-03 15:40:00,5,call,False,
INT-002792,AGT-014,2026-07-03 15:51:00,5,call,False,
INT-002659,AGT-009,2026-07-03 15:54:00,5,call,False,
INT-002607,AGT-007,2026-07-03 16:14:00,5,chat,False,
INT-002739,AGT-012,2026-07-03 16:17:00,5,call,False,
INT-002823,AGT-015,2026-07-03 16:28:00,5,call,False,
INT-002432,AGT-002,2026-07-03 16:28:00,5,chat,False,
INT-002475,AGT-003,2026-07-03 16:44:00,5,chat,False,
INT-002549,AGT-005,2026-07-03 16:51:00,5,call,False,
INT-002925,AGT-018,2026-07-03 16:52:00,5,chat,False,
INT-002426,AGT-001,2026-07-03 16:55:00,5,call,False,
INT-002947,AGT-019,2026-07-03 17:01:00,5,chat,False,
INT-002883,AGT-017,2026-07-03 17:13:00,5,call,False,
INT-002735,AGT-012,2026-07-03 17:16:00,5,call,False,
INT-002977,AGT-020,2026-07-03 17:20:00,5,call,False,
INT-002897,AGT-017,2026-07-03 17:28:00,5,chat,False,
INT-002700,AGT-010,2026-07-03 17:46:00,5,call,False,
INT-002994,AGT-020,2026-07-03 17:47:00,5,chat,False,
INT-002750,AGT-012,2026-07-03 17:47:00,5,chat,False,
INT-002414,AGT-001,2026-07-03 17:51:00,5,call,False,
INT-002527,AGT-005,2026-07-03 17:52:00,5,call,False,
INT-002508,AGT-004,2026-07-03 18:13:00,5,chat,False,
INT-002797,AGT-014,2026-07-03 18:15:00,5,call,False,
INT-002447,AGT-002,2026-07-03 18:15:00,5,chat,False,
INT-002707,AGT-011,2026-07-03 18:24:00,5,chat,False,
INT-002751,AGT-012,2026-07-03 18:30:00,5,chat,True,customer_disconnected_first
INT-002430,AGT-001,2026-07-03 18:44:00,5,chat,False,
INT-002577,AGT-006,2026-07-03 18:48:00,5,chat,False,
INT-002857,AGT-016,2026-07-03 19:21:00,5,call,False,
INT-002416,AGT-001,2026-07-03 19:21:00,5,call,False,
INT-002404,AGT-001,2026-07-03 19:32:00,5,call,False,
INT-002618,AGT-008,2026-07-03 19:36:00,5,call,False,
INT-002729,AGT-011,2026-07-03 19:55:00,5,chat,False,
INT-002680,AGT-010,2026-07-03 19:58:00,5,call,False,
INT-002725,AGT-011,2026-07-03 19:58:00,5,chat,False,
INT-002622,AGT-008,2026-07-04 08:06:00,5,call,False,
INT-002910,AGT-017,2026-07-04 08:07:00,5,call,False,
INT-002689,AGT-010,2026-07-04 08:27:00,5,chat,False,
INT-002617,AGT-008,2026-07-04 08:48:00,5,call,False,
INT-002944,AGT-019,2026-07-04 08:55:00,5,call,False,
INT-002990,AGT-020,2026-07-04 09:08:00,5,chat,False,
INT-002438,AGT-002,2026-07-04 09:12:00,5,call,False,
INT-002767,AGT-013,2026-07-04 09:14:00,5,chat,False,
INT-002995,AGT-020,2026-07-04 09:14:00,5,call,False,
INT-002773,AGT-013,2026-07-04 09:21:00,5,chat,False,
INT-002921,AGT-018,2026-07-04 09:52:00,5,chat,False,
INT-002756,AGT-012,2026-07-04 09:52:00,5,chat,False,
INT-002853,AGT-016,2026-07-04 09:58:00,5,call,False,
INT-002644,AGT-009,2026-07-04 10:15:00,5,call,False,
INT-002570,AGT-006,2026-07-04 10:15:00,5,chat,False,
INT-002657,AGT-009,2026-07-04 10:27:00,5,call,False,
INT-002708,AGT-011,2026-07-04 10:31:00,5,chat,False,
INT-002625,AGT-008,2026-07-04 10:44:00,5,call,False,
INT-002587,AGT-007,2026-07-04 10:48:00,5,chat,False,
INT-002524,AGT-005,2026-07-04 10:48:00,5,call,False,
INT-002699,AGT-010,2026-07-04 10:51:00,5,chat,False,
INT-002794,AGT-014,2026-07-04 10:52:00,5,chat,False,
INT-002896,AGT-017,2026-07-04 11:00:00,5,call,False,
INT-002636,AGT-008,2026-07-04 11:03:00,5,call,False,
INT-002569,AGT-006,2026-07-04 11:04:00,5,chat,False,
INT-002974,AGT-020,2026-07-04 11:16:00,5,call,False,
INT-002718,AGT-011,2026-07-04 11:35:00,5,call,False,
INT-002765,AGT-013,2026-07-04 11:35:00,5,chat,True,internet_issue
INT-002514,AGT-004,2026-07-04 11:40:00,5,call,False,
INT-002697,AGT-010,2026-07-04 11:46:00,5,call,True,customer_disconnected_first
INT-002800,AGT-014,2026-07-04 12:00:00,5,chat,True,internet_issue
INT-002904,AGT-017,2026-07-04 12:12:00,5,chat,False,
INT-002889,AGT-017,2026-07-04 12:16:00,5,chat,False,
INT-002746,AGT-012,2026-07-04 12:18:00,5,call,False,
INT-002660,AGT-009,2026-07-04 12:40:00,5,call,False,
INT-002834,AGT-015,2026-07-04 12:41:00,5,chat,False,
INT-002895,AGT-017,2026-07-04 12:42:00,5,call,False,
INT-002747,AGT-012,2026-07-04 12:47:00,5,call,False,
INT-002890,AGT-017,2026-07-04 12:47:00,5,call,False,
INT-002681,AGT-010,2026-07-04 12:51:00,5,call,False,
INT-002671,AGT-010,2026-07-04 12:53:00,5,call,False,
INT-002437,AGT-002,2026-07-04 12:54:00,5,call,False,
INT-002969,AGT-019,2026-07-04 13:02:00,5,chat,False,
INT-002950,AGT-019,2026-07-04 13:07:00,5,call,False,
INT-002504,AGT-004,2026-07-04 13:08:00,5,call,False,
INT-002985,AGT-020,2026-07-04 13:18:00,5,call,True,unresolved_handoff
INT-002807,AGT-014,2026-07-04 13:19:00,5,call,False,
INT-002489,AGT-003,2026-07-04 13:20:00,5,chat,False,
INT-002419,AGT-001,2026-07-04 13:22:00,5,call,False,
INT-002984,AGT-020,2026-07-04 13:28:00,5,call,False,
INT-002600,AGT-007,2026-07-04 13:43:00,5,call,False,
INT-002830,AGT-015,2026-07-04 13:57:00,5,chat,False,
INT-002624,AGT-008,2026-07-04 14:20:00,5,call,False,
INT-002531,AGT-005,2026-07-04 14:32:00,5,call,False,
INT-002817,AGT-014,2026-07-04 14:34:00,5,call,True,power_issue
INT-002831,AGT-015,2026-07-04 14:45:00,5,call,False,
INT-002771,AGT-013,2026-07-04 15:20:00,5,chat,False,
INT-002980,AGT-020,2026-07-04 15:23:00,5,chat,False,
INT-002870,AGT-016,2026-07-04 15:23:00,5,chat,False,
INT-002832,AGT-015,2026-07-04 15:24:00,5,call,False,
INT-002588,AGT-007,2026-07-04 15:28:00,5,chat,False,
INT-002787,AGT-013,2026-07-04 15:39:00,5,call,False,
INT-002410,AGT-001,2026-07-04 15:45:00,5,chat,False,
INT-002927,AGT-018,2026-07-04 16:12:00,5,chat,False,
INT-002406,AGT-001,2026-07-04 16:38:00,5,call,True,customer_disconnected_first
INT-002409,AGT-001,2026-07-04 16:44:00,5,call,False,
INT-002662,AGT-009,2026-07-04 16:49:00,5,chat,False,
INT-002860,AGT-016,2026-07-04 16:59:00,5,chat,False,
INT-002993,AGT-020,2026-07-04 17:15:00,5,call,False,
INT-002656,AGT-009,2026-07-04 18:08:00,5,chat,False,
INT-002919,AGT-018,2026-07-04 18:08:00,5,call,False,
INT-002849,AGT-015,2026-07-04 18:14:00,5,chat,False,
INT-002584,AGT-007,2026-07-04 18:30:00,5,chat,False,
INT-002862,AGT-016,2026-07-04 19:00:00,5,call,False,
INT-002589,AGT-007,2026-07-04 19:16:00,5,call,False,
INT-002413,AGT-001,2026-07-04 19:17:00,5,chat,False,
INT-002560,AGT-006,2026-07-04 19:23:00,5,chat,False,
INT-002473,AGT-003,2026-07-04 19:33:00,5,chat,False,
INT-002648,AGT-009,2026-07-04 19:42:00,5,chat,False,
INT-002684,AGT-010,2026-07-04 19:47:00,5,call,False,
INT-002946,AGT-019,2026-07-05 08:00:00,5,call,False,
INT-002470,AGT-003,2026-07-05 08:22:00,5,chat,False,
INT-002898,AGT-017,2026-07-05 08:35:00,5,call,False,
INT-002698,AGT-010,2026-07-05 08:46:00,5,chat,False,
INT-002901,AGT-017,2026-07-05 08:54:00,5,chat,False,
INT-002551,AGT-006,2026-07-05 09:02:00,5,chat,False,
INT-002791,AGT-014,2026-07-05 09:15:00,5,call,False,
INT-002407,AGT-001,2026-07-05 09:28:00,5,call,False,
INT-002641,AGT-009,2026-07-05 09:35:00,5,chat,False,
INT-002964,AGT-019,2026-07-05 09:36:00,5,call,False,
INT-002790,AGT-013,2026-07-05 10:02:00,5,chat,False,
INT-002949,AGT-019,2026-07-05 10:05:00,5,call,False,
INT-002521,AGT-005,2026-07-05 10:15:00,5,call,False,
INT-002523,AGT-005,2026-07-05 10:21:00,5,chat,False,
INT-002865,AGT-016,2026-07-05 10:34:00,5,chat,False,
INT-002916,AGT-018,2026-07-05 10:49:00,5,call,False,
INT-002559,AGT-006,2026-07-05 11:21:00,5,call,False,
INT-002575,AGT-006,2026-07-05 11:26:00,5,chat,False,
INT-002542,AGT-005,2026-07-05 11:27:00,5,call,False,
INT-002550,AGT-005,2026-07-05 11:50:00,5,call,False,
INT-002885,AGT-017,2026-07-05 11:52:00,5,call,False,
INT-002640,AGT-008,2026-07-05 11:58:00,5,call,False,
INT-002753,AGT-012,2026-07-05 12:00:00,5,chat,False,
INT-002959,AGT-019,2026-07-05 12:08:00,5,chat,False,
INT-002998,AGT-020,2026-07-05 12:11:00,5,chat,False,
INT-002906,AGT-017,2026-07-05 12:16:00,5,chat,False,
INT-002999,AGT-020,2026-07-05 12:23:00,5,chat,False,
INT-002646,AGT-009,2026-07-05 12:24:00,5,chat,False,
INT-002705,AGT-011,2026-07-05 12:33:00,5,chat,False,
INT-002502,AGT-004,2026-07-05 12:54:00,5,call,False,
INT-002544,AGT-005,2026-07-05 13:02:00,5,call,False,
INT-002547,AGT-005,2026-07-05 13:05:00,5,chat,False,
INT-002606,AGT-007,2026-07-05 13:25:00,5,chat,False,
INT-002777,AGT-013,2026-07-05 13:49:00,5,chat,False,
INT-002592,AGT-007,2026-07-05 14:02:00,5,chat,False,
INT-002567,AGT-006,2026-07-05 14:04:00,5,chat,False,
INT-002652,AGT-009,2026-07-05 14:13:00,5,call,False,
INT-002972,AGT-020,2026-07-05 14:23:00,5,call,False,
INT-002429,AGT-001,2026-07-05 14:38:00,5,chat,False,
INT-002788,AGT-013,2026-07-05 14:45:00,5,call,False,
INT-002839,AGT-015,2026-07-05 15:00:00,5,call,False,
INT-002948,AGT-019,2026-07-05 15:02:00,5,chat,False,
INT-002503,AGT-004,2026-07-05 15:21:00,5,call,False,
INT-002973,AGT-020,2026-07-05 15:25:00,5,call,False,
INT-002530,AGT-005,2026-07-05 15:41:00,5,chat,False,
INT-002793,AGT-014,2026-07-05 15:45:00,5,chat,False,
INT-002986,AGT-020,2026-07-05 15:55:00,5,call,False,
INT-002690,AGT-010,2026-07-05 16:02:00,5,call,True,customer_disconnected_first
INT-002691,AGT-010,2026-07-05 16:08:00,5,call,False,
INT-002727,AGT-011,2026-07-05 16:08:00,5,chat,False,
INT-002953,AGT-019,2026-07-05 16:20:00,5,call,False,
INT-002966,AGT-019,2026-07-05 16:27:00,5,call,False,
INT-002892,AGT-017,2026-07-05 16:28:00,5,call,False,
INT-002580,AGT-006,2026-07-05 16:29:00,5,call,False,
INT-002914,AGT-018,2026-07-05 16:30:00,5,call,False,
INT-002611,AGT-008,2026-07-05 16:34:00,5,chat,False,
INT-002477,AGT-003,2026-07-05 16:41:00,5,chat,False,
INT-002632,AGT-008,2026-07-05 16:53:00,5,call,False,
INT-002770,AGT-013,2026-07-05 16:54:00,5,chat,False,
INT-002688,AGT-010,2026-07-05 16:56:00,5,chat,False,
INT-002458,AGT-002,2026-07-05 17:01:00,5,chat,False,
INT-002665,AGT-009,2026-07-05 17:20:00,5,call,False,
INT-002455,AGT-002,2026-07-05 17:24:00,5,chat,False,
INT-002535,AGT-005,2026-07-05 17:26:00,5,call,False,
INT-002992,AGT-020,2026-07-05 17:54:00,5,chat,False,
INT-002635,AGT-008,2026-07-05 18:01:00,5,chat,False,
INT-002655,AGT-009,2026-07-05 18:02:00,5,call,False,
INT-002627,AGT-008,2026-07-05 18:11:00,5,chat,False,
INT-002873,AGT-016,2026-07-05 18:24:00,5,chat,False,
INT-002467,AGT-003,2026-07-05 18:32:00,5,call,False,
INT-002938,AGT-018,2026-07-05 18:33:00,5,chat,False,
INT-002459,AGT-002,2026-07-05 18:39:00,5,call,False,
INT-002609,AGT-007,2026-07-05 18:45:00,5,chat,False,
INT-002738,AGT-012,2026-07-05 18:46:00,5,call,False,
INT-002564,AGT-006,2026-07-05 18:46:00,5,chat,False,
INT-002446,AGT-002,2026-07-05 19:01:00,5,call,False,
INT-002766,AGT-013,2026-07-05 19:01:00,5,chat,False,
INT-002976,AGT-020,2026-07-05 19:06:00,5,call,False,
INT-002670,AGT-009,2026-07-05 19:19:00,5,chat,False,
INT-002808,AGT-014,2026-07-05 19:20:00,5,chat,False,
INT-002740,AGT-012,2026-07-05 19:35:00,5,call,False,
INT-002769,AGT-013,2026-07-05 19:50:00,5,call,False,
INT-002712,AGT-011,2026-07-05 19:51:00,5,call,False,
INT-002723,AGT-011,2026-07-05 19:53:00,5,chat,False,
INT-002405,AGT-001,2026-07-05 19:55:00,5,chat,False,
INT-002989,AGT-020,2026-07-05 19:57:00,5,chat,False,
INT-003330,AGT-011,2026-07-06 08:01:00,6,call,False,
INT-003546,AGT-019,2026-07-06 08:14:00,6,chat,False,
INT-003091,AGT-004,2026-07-06 08:31:00,6,chat,False,
INT-003395,AGT-014,2026-07-06 08:32:00,6,chat,False,
INT-003196,AGT-007,2026-07-06 08:45:00,6,call,False,
INT-003503,AGT-017,2026-07-06 09:04:00,6,call,False,
INT-003023,AGT-001,2026-07-06 09:07:00,6,chat,False,
INT-003220,AGT-008,2026-07-06 09:09:00,6,chat,False,
INT-003403,AGT-014,2026-07-06 09:16:00,6,call,False,
INT-003417,AGT-014,2026-07-06 09:41:00,6,chat,False,
INT-003298,AGT-010,2026-07-06 09:47:00,6,chat,False,
INT-003011,AGT-001,2026-07-06 10:11:00,6,call,False,
INT-003223,AGT-008,2026-07-06 10:14:00,6,chat,False,
INT-003366,AGT-013,2026-07-06 10:17:00,6,chat,False,
INT-003212,AGT-008,2026-07-06 10:20:00,6,call,False,
INT-003481,AGT-017,2026-07-06 10:25:00,6,call,True,internet_issue
INT-003322,AGT-011,2026-07-06 10:30:00,6,call,False,
INT-003054,AGT-002,2026-07-06 10:36:00,6,chat,False,
INT-003069,AGT-003,2026-07-06 10:46:00,6,chat,False,
INT-003043,AGT-002,2026-07-06 10:51:00,6,call,False,
INT-003224,AGT-008,2026-07-06 11:00:00,6,call,False,
INT-003370,AGT-013,2026-07-06 11:06:00,6,chat,False,
INT-003097,AGT-004,2026-07-06 11:17:00,6,chat,False,
INT-003587,AGT-020,2026-07-06 11:54:00,6,chat,False,
INT-003446,AGT-015,2026-07-06 12:13:00,6,call,False,
INT-003124,AGT-005,2026-07-06 12:16:00,6,chat,False,
INT-003295,AGT-010,2026-07-06 12:17:00,6,call,False,
INT-003032,AGT-002,2026-07-06 12:18:00,6,chat,False,
INT-003412,AGT-014,2026-07-06 12:29:00,6,chat,False,
INT-003141,AGT-005,2026-07-06 12:32:00,6,chat,True,other
INT-003313,AGT-011,2026-07-06 12:45:00,6,call,False,
INT-003499,AGT-017,2026-07-06 12:46:00,6,chat,False,
INT-003131,AGT-005,2026-07-06 13:02:00,6,chat,False,
INT-003144,AGT-005,2026-07-06 13:03:00,6,call,False,
INT-003231,AGT-008,2026-07-06 13:07:00,6,call,False,
INT-003335,AGT-012,2026-07-06 13:25:00,6,call,False,
INT-003264,AGT-009,2026-07-06 13:57:00,6,chat,False,
INT-003248,AGT-009,2026-07-06 14:01:00,6,call,False,
INT-003068,AGT-003,2026-07-06 14:03:00,6,call,False,
INT-003563,AGT-019,2026-07-06 14:15:00,6,chat,False,
INT-003297,AGT-010,2026-07-06 14:21:00,6,call,False,
INT-003411,AGT-014,2026-07-06 14:24:00,6,chat,False,
INT-003312,AGT-011,2026-07-06 14:25:00,6,call,False,
INT-003476,AGT-016,2026-07-06 14:34:00,6,chat,False,
INT-003107,AGT-004,2026-07-06 14:36:00,6,call,False,
INT-003535,AGT-018,2026-07-06 14:45:00,6,chat,False,
INT-003161,AGT-006,2026-07-06 14:59:00,6,chat,False,
INT-003214,AGT-008,2026-07-06 14:59:00,6,chat,False,
INT-003508,AGT-017,2026-07-06 15:08:00,6,call,False,
INT-003228,AGT-008,2026-07-06 15:11:00,6,chat,True,other
INT-003524,AGT-018,2026-07-06 15:14:00,6,chat,False,
INT-003553,AGT-019,2026-07-06 15:15:00,6,chat,False,
INT-003483,AGT-017,2026-07-06 15:19:00,6,chat,False,
INT-003175,AGT-006,2026-07-06 15:26:00,6,call,False,
INT-003016,AGT-001,2026-07-06 15:30:00,6,call,False,
INT-003105,AGT-004,2026-07-06 15:39:00,6,call,False,
INT-003121,AGT-005,2026-07-06 15:55:00,6,chat,False,
INT-003513,AGT-018,2026-07-06 16:07:00,6,call,False,
INT-003316,AGT-011,2026-07-06 16:25:00,6,chat,False,
INT-003547,AGT-019,2026-07-06 16:28:00,6,call,False,
INT-003519,AGT-018,2026-07-06 16:52:00,6,call,False,
INT-003572,AGT-020,2026-07-06 17:00:00,6,chat,False,
INT-003038,AGT-002,2026-07-06 17:02:00,6,call,False,
INT-003326,AGT-011,2026-07-06 17:06:00,6,chat,False,
INT-003162,AGT-006,2026-07-06 17:14:00,6,chat,False,
INT-003377,AGT-013,2026-07-06 17:29:00,6,chat,False,
INT-003460,AGT-016,2026-07-06 17:43:00,6,call,False,
INT-003474,AGT-016,2026-07-06 18:00:00,6,chat,False,
INT-003328,AGT-011,2026-07-06 18:14:00,6,call,False,
INT-003584,AGT-020,2026-07-06 18:15:00,6,chat,False,
INT-003275,AGT-010,2026-07-06 18:18:00,6,chat,True,other
INT-003347,AGT-012,2026-07-06 18:21:00,6,call,False,
INT-003191,AGT-007,2026-07-06 18:24:00,6,call,False,
INT-003576,AGT-020,2026-07-06 18:36:00,6,chat,False,
INT-003186,AGT-007,2026-07-06 18:44:00,6,chat,False,
INT-003504,AGT-017,2026-07-06 19:16:00,6,chat,False,
INT-003252,AGT-009,2026-07-06 19:35:00,6,call,False,
INT-003365,AGT-013,2026-07-06 19:38:00,6,call,True,power_issue
INT-003079,AGT-003,2026-07-06 19:45:00,6,chat,False,
INT-003202,AGT-007,2026-07-06 19:48:00,6,call,False,
INT-003182,AGT-007,2026-07-07 08:02:00,6,call,False,
INT-003009,AGT-001,2026-07-07 08:24:00,6,call,False,
INT-003415,AGT-014,2026-07-07 08:43:00,6,call,False,
INT-003227,AGT-008,2026-07-07 08:44:00,6,chat,False,
INT-003185,AGT-007,2026-07-07 08:46:00,6,call,False,
INT-003030,AGT-001,2026-07-07 08:50:00,6,call,False,
INT-003013,AGT-001,2026-07-07 08:56:00,6,call,False,
INT-003109,AGT-004,2026-07-07 08:57:00,6,call,False,
INT-003099,AGT-004,2026-07-07 09:09:00,6,chat,False,
INT-003095,AGT-004,2026-07-07 09:09:00,6,chat,False,
INT-003475,AGT-016,2026-07-07 09:20:00,6,chat,False,
INT-003071,AGT-003,2026-07-07 09:23:00,6,chat,False,
INT-003579,AGT-020,2026-07-07 09:50:00,6,chat,False,
INT-003419,AGT-014,2026-07-07 09:57:00,6,call,False,
INT-003556,AGT-019,2026-07-07 10:02:00,6,call,False,
INT-003181,AGT-007,2026-07-07 10:11:00,6,chat,False,
INT-003066,AGT-003,2026-07-07 10:22:00,6,call,False,
INT-003247,AGT-009,2026-07-07 10:32:00,6,call,False,
INT-003190,AGT-007,2026-07-07 10:41:00,6,chat,False,
INT-003114,AGT-004,2026-07-07 10:48:00,6,call,False,
INT-003046,AGT-002,2026-07-07 10:58:00,6,call,False,
INT-003525,AGT-018,2026-07-07 11:14:00,6,chat,False,
INT-003285,AGT-010,2026-07-07 11:17:00,6,call,False,
INT-003156,AGT-006,2026-07-07 11:21:00,6,chat,False,
INT-003035,AGT-002,2026-07-07 11:46:00,6,chat,False,
INT-003456,AGT-016,2026-07-07 11:54:00,6,call,False,
INT-003491,AGT-017,2026-07-07 11:59:00,6,chat,False,
INT-003244,AGT-009,2026-07-07 12:21:00,6,call,False,
INT-003399,AGT-014,2026-07-07 12:53:00,6,call,False,
INT-003037,AGT-002,2026-07-07 13:01:00,6,chat,False,
INT-003086,AGT-003,2026-07-07 13:08:00,6,call,False,
INT-003059,AGT-002,2026-07-07 13:14:00,6,chat,False,
INT-003559,AGT-019,2026-07-07 13:21:00,6,chat,False,
INT-003096,AGT-004,2026-07-07 13:29:00,6,chat,False,
INT-003360,AGT-012,2026-07-07 13:32:00,6,chat,False,
INT-003060,AGT-002,2026-07-07 13:42:00,6,call,False,
INT-003498,AGT-017,2026-07-07 13:52:00,6,chat,False,
INT-003315,AGT-011,2026-07-07 14:02:00,6,chat,True,power_issue
INT-003199,AGT-007,2026-07-07 14:06:00,6,call,False,
INT-003466,AGT-016,2026-07-07 14:07:00,6,call,False,
INT-003593,AGT-020,2026-07-07 14:07:00,6,call,False,
INT-003269,AGT-009,2026-07-07 14:33:00,6,call,False,
INT-003265,AGT-009,2026-07-07 14:38:00,6,chat,False,
INT-003578,AGT-020,2026-07-07 14:40:00,6,chat,False,
INT-003209,AGT-007,2026-07-07 14:45:00,6,chat,True,unresolved_handoff
INT-003111,AGT-004,2026-07-07 14:53:00,6,chat,False,
INT-003452,AGT-016,2026-07-07 15:02:00,6,chat,False,
INT-003101,AGT-004,2026-07-07 15:10:00,6,chat,False,
INT-003140,AGT-005,2026-07-07 15:14:00,6,chat,False,
INT-003160,AGT-006,2026-07-07 15:17:00,6,chat,False,
INT-003254,AGT-009,2026-07-07 15:32:00,6,chat,False,
INT-003050,AGT-002,2026-07-07 15:38:00,6,chat,False,
INT-003058,AGT-002,2026-07-07 15:57:00,6,chat,False,
INT-003404,AGT-014,2026-07-07 15:58:00,6,call,False,
INT-003436,AGT-015,2026-07-07 16:08:00,6,chat,False,
INT-003345,AGT-012,2026-07-07 16:10:00,6,call,True,internet_issue
INT-003048,AGT-002,2026-07-07 16:12:00,6,chat,False,
INT-003005,AGT-001,2026-07-07 16:12:00,6,call,False,
INT-003543,AGT-019,2026-07-07 16:24:00,6,chat,False,
INT-003441,AGT-015,2026-07-07 16:25:00,6,chat,False,
INT-003355,AGT-012,2026-07-07 16:26:00,6,chat,False,
INT-003245,AGT-009,2026-07-07 16:33:00,6,call,True,customer_disconnected_first
INT-003518,AGT-018,2026-07-07 16:36:00,6,call,True,power_issue
INT-003529,AGT-018,2026-07-07 16:46:00,6,chat,False,
INT-003119,AGT-004,2026-07-07 16:52:00,6,chat,False,
INT-003116,AGT-004,2026-07-07 16:58:00,6,call,False,
INT-003420,AGT-014,2026-07-07 17:04:00,6,chat,False,
INT-003497,AGT-017,2026-07-07 17:13:00,6,call,False,
INT-003520,AGT-018,2026-07-07 17:25:00,6,chat,False,
INT-003462,AGT-016,2026-07-07 17:25:00,6,call,False,
INT-003438,AGT-015,2026-07-07 17:28:00,6,chat,False,
INT-003573,AGT-020,2026-07-07 17:34:00,6,call,False,
INT-003445,AGT-015,2026-07-07 18:06:00,6,call,False,
INT-003590,AGT-020,2026-07-07 18:22:00,6,call,False,
INT-003333,AGT-012,2026-07-07 18:50:00,6,chat,False,
INT-003040,AGT-002,2026-07-07 18:58:00,6,call,False,
INT-003148,AGT-005,2026-07-07 19:00:00,6,call,False,
INT-003425,AGT-015,2026-07-07 19:05:00,6,call,False,
INT-003266,AGT-009,2026-07-07 19:09:00,6,call,False,
INT-003253,AGT-009,2026-07-07 19:10:00,6,call,False,
INT-003401,AGT-014,2026-07-07 19:15:00,6,call,False,
INT-003279,AGT-010,2026-07-07 19:29:00,6,chat,False,
INT-003041,AGT-002,2026-07-07 19:32:00,6,chat,False,
INT-003405,AGT-014,2026-07-07 19:39:00,6,call,False,
INT-003574,AGT-020,2026-07-07 19:47:00,6,chat,False,
INT-003120,AGT-004,2026-07-08 08:09:00,6,call,True,power_issue
INT-003294,AGT-010,2026-07-08 08:09:00,6,call,False,
INT-003200,AGT-007,2026-07-08 08:25:00,6,chat,True,internet_issue
INT-003284,AGT-010,2026-07-08 09:02:00,6,call,False,
INT-003172,AGT-006,2026-07-08 09:14:00,6,chat,False,
INT-003246,AGT-009,2026-07-08 09:21:00,6,call,False,
INT-003149,AGT-005,2026-07-08 09:25:00,6,chat,False,
INT-003132,AGT-005,2026-07-08 09:30:00,6,chat,False,
INT-003302,AGT-011,2026-07-08 09:31:00,6,chat,False,
INT-003567,AGT-019,2026-07-08 09:43:00,6,call,False,
INT-003218,AGT-008,2026-07-08 09:47:00,6,chat,False,
INT-003158,AGT-006,2026-07-08 10:00:00,6,call,False,
INT-003594,AGT-020,2026-07-08 10:03:00,6,call,False,
INT-003392,AGT-014,2026-07-08 10:06:00,6,call,False,
INT-003147,AGT-005,2026-07-08 10:20:00,6,call,False,
INT-003351,AGT-012,2026-07-08 10:27:00,6,call,False,
INT-003350,AGT-012,2026-07-08 10:31:00,6,call,False,
INT-003306,AGT-011,2026-07-08 10:32:00,6,call,False,
INT-003207,AGT-007,2026-07-08 10:35:00,6,chat,False,
INT-003176,AGT-006,2026-07-08 10:40:00,6,chat,False,
INT-003031,AGT-002,2026-07-08 10:42:00,6,chat,False,
INT-003457,AGT-016,2026-07-08 11:00:00,6,call,False,
INT-003065,AGT-003,2026-07-08 11:08:00,6,chat,False,
INT-003569,AGT-019,2026-07-08 11:23:00,6,chat,False,
INT-003067,AGT-003,2026-07-08 11:36:00,6,chat,False,
INT-003597,AGT-020,2026-07-08 11:37:00,6,chat,False,
INT-003583,AGT-020,2026-07-08 11:38:00,6,chat,False,
INT-003296,AGT-010,2026-07-08 11:54:00,6,chat,False,
INT-003204,AGT-007,2026-07-08 12:09:00,6,chat,False,
INT-003088,AGT-003,2026-07-08 12:18:00,6,call,False,
INT-003280,AGT-010,2026-07-08 12:26:00,6,call,False,
INT-003374,AGT-013,2026-07-08 12:36:00,6,chat,False,
INT-003432,AGT-015,2026-07-08 12:39:00,6,chat,False,
INT-003486,AGT-017,2026-07-08 12:52:00,6,call,False,
INT-003192,AGT-007,2026-07-08 13:04:00,6,chat,False,
INT-003093,AGT-004,2026-07-08 13:04:00,6,chat,False,
INT-003440,AGT-015,2026-07-08 13:04:00,6,call,False,
INT-003582,AGT-020,2026-07-08 13:07:00,6,chat,False,
INT-003458,AGT-016,2026-07-08 13:13:00,6,chat,False,
INT-003359,AGT-012,2026-07-08 13:15:00,6,chat,False,
INT-003106,AGT-004,2026-07-08 13:15:00,6,chat,False,
INT-003397,AGT-014,2026-07-08 13:41:00,6,call,False,
INT-003416,AGT-014,2026-07-08 13:43:00,6,chat,False,
INT-003398,AGT-014,2026-07-08 14:00:00,6,chat,False,
INT-003092,AGT-004,2026-07-08 14:00:00,6,chat,False,
INT-003002,AGT-001,2026-07-08 14:12:00,6,chat,False,
INT-003288,AGT-010,2026-07-08 14:15:00,6,call,False,
INT-003171,AGT-006,2026-07-08 14:27:00,6,chat,False,
INT-003528,AGT-018,2026-07-08 14:42:00,6,call,True,power_issue
INT-003435,AGT-015,2026-07-08 14:46:00,6,call,False,
INT-003210,AGT-007,2026-07-08 14:56:00,6,chat,False,
INT-003300,AGT-010,2026-07-08 14:57:00,6,call,False,
INT-003423,AGT-015,2026-07-08 15:03:00,6,call,False,
INT-003361,AGT-013,2026-07-08 15:07:00,6,chat,False,
INT-003028,AGT-001,2026-07-08 15:09:00,6,chat,False,
INT-003203,AGT-007,2026-07-08 15:15:00,6,call,False,
INT-003258,AGT-009,2026-07-08 15:21:00,6,chat,False,
INT-003479,AGT-016,2026-07-08 15:41:00,6,call,False,
INT-003174,AGT-006,2026-07-08 15:43:00,6,call,False,
INT-003155,AGT-006,2026-07-08 15:54:00,6,chat,False,
INT-003343,AGT-012,2026-07-08 15:55:00,6,chat,False,
INT-003113,AGT-004,2026-07-08 15:56:00,6,call,False,
INT-003239,AGT-008,2026-07-08 15:59:00,6,chat,False,
INT-003500,AGT-017,2026-07-08 16:12:00,6,call,False,
INT-003225,AGT-008,2026-07-08 16:37:00,6,chat,False,
INT-003261,AGT-009,2026-07-08 16:48:00,6,call,False,
INT-003439,AGT-015,2026-07-08 17:03:00,6,call,False,
INT-003433,AGT-015,2026-07-08 17:23:00,6,call,False,
INT-003173,AGT-006,2026-07-08 17:24:00,6,call,False,
INT-003268,AGT-009,2026-07-08 17:31:00,6,call,False,
INT-003135,AGT-005,2026-07-08 17:35:00,6,call,False,
INT-003442,AGT-015,2026-07-08 17:49:00,6,call,False,
INT-003229,AGT-008,2026-07-08 17:49:00,6,call,False,
INT-003039,AGT-002,2026-07-08 17:56:00,6,chat,False,
INT-003571,AGT-020,2026-07-08 18:02:00,6,chat,False,
INT-003507,AGT-017,2026-07-08 18:03:00,6,call,False,
INT-003338,AGT-012,2026-07-08 18:11:00,6,chat,False,
INT-003047,AGT-002,2026-07-08 18:15:00,6,chat,False,
INT-003070,AGT-003,2026-07-08 18:20:00,6,call,False,
INT-003163,AGT-006,2026-07-08 18:37:00,6,call,False,
INT-003022,AGT-001,2026-07-08 18:48:00,6,call,False,
INT-003549,AGT-019,2026-07-08 18:48:00,6,call,False,
INT-003080,AGT-003,2026-07-08 19:09:00,6,chat,False,
INT-003348,AGT-012,2026-07-08 19:10:00,6,call,False,
INT-003580,AGT-020,2026-07-08 19:40:00,6,chat,False,
INT-003249,AGT-009,2026-07-08 19:54:00,6,call,False,
INT-003167,AGT-006,2026-07-09 08:01:00,6,chat,False,
INT-003319,AGT-011,2026-07-09 08:06:00,6,call,False,
INT-003057,AGT-002,2026-07-09 08:20:00,6,chat,False,
INT-003368,AGT-013,2026-07-09 08:27:00,6,chat,False,
INT-003018,AGT-001,2026-07-09 08:46:00,6,call,False,
INT-003188,AGT-007,2026-07-09 08:50:00,6,chat,False,
INT-003136,AGT-005,2026-07-09 08:51:00,6,chat,False,
INT-003026,AGT-001,2026-07-09 08:52:00,6,chat,False,
INT-003539,AGT-018,2026-07-09 08:56:00,6,call,False,
INT-003027,AGT-001,2026-07-09 08:58:00,6,call,False,
INT-003339,AGT-012,2026-07-09 09:11:00,6,call,False,
INT-003024,AGT-001,2026-07-09 09:19:00,6,chat,False,
INT-003383,AGT-013,2026-07-09 09:36:00,6,chat,False,
INT-003108,AGT-004,2026-07-09 09:36:00,6,call,False,
INT-003063,AGT-003,2026-07-09 10:10:00,6,chat,False,
INT-003178,AGT-006,2026-07-09 10:12:00,6,chat,True,internet_issue
INT-003205,AGT-007,2026-07-09 10:16:00,6,call,False,
INT-003334,AGT-012,2026-07-09 10:18:00,6,call,False,
INT-003496,AGT-017,2026-07-09 10:30:00,6,call,False,
INT-003087,AGT-003,2026-07-09 10:31:00,6,chat,False,
INT-003510,AGT-017,2026-07-09 10:37:00,6,chat,False,
INT-003262,AGT-009,2026-07-09 10:39:00,6,call,False,
INT-003581,AGT-020,2026-07-09 10:39:00,6,chat,True,unresolved_handoff
INT-003104,AGT-004,2026-07-09 10:40:00,6,chat,False,
INT-003283,AGT-010,2026-07-09 11:01:00,6,call,False,
INT-003138,AGT-005,2026-07-09 11:13:00,6,chat,False,
INT-003217,AGT-008,2026-07-09 11:23:00,6,chat,False,
INT-003540,AGT-018,2026-07-09 11:41:00,6,call,False,
INT-003378,AGT-013,2026-07-09 11:45:00,6,chat,True,power_issue
INT-003463,AGT-016,2026-07-09 11:52:00,6,call,False,
INT-003388,AGT-013,2026-07-09 12:00:00,6,chat,False,
INT-003151,AGT-006,2026-07-09 12:04:00,6,chat,False,
INT-003241,AGT-009,2026-07-09 12:23:00,6,call,False,
INT-003015,AGT-001,2026-07-09 12:45:00,6,call,False,
INT-003443,AGT-015,2026-07-09 12:57:00,6,chat,False,
INT-003473,AGT-016,2026-07-09 13:00:00,6,chat,False,
INT-003130,AGT-005,2026-07-09 13:01:00,6,chat,False,
INT-003585,AGT-020,2026-07-09 13:09:00,6,chat,False,
INT-003554,AGT-019,2026-07-09 13:25:00,6,chat,False,
INT-003311,AGT-011,2026-07-09 13:38:00,6,chat,False,
INT-003391,AGT-014,2026-07-09 13:41:00,6,chat,False,
INT-003400,AGT-014,2026-07-09 13:44:00,6,call,False,
INT-003139,AGT-005,2026-07-09 14:04:00,6,call,False,
INT-003115,AGT-004,2026-07-09 14:10:00,6,chat,False,
INT-003523,AGT-018,2026-07-09 14:14:00,6,call,False,
INT-003431,AGT-015,2026-07-09 14:30:00,6,chat,False,
INT-003098,AGT-004,2026-07-09 14:30:00,6,call,False,
INT-003484,AGT-017,2026-07-09 14:34:00,6,call,False,
INT-003424,AGT-015,2026-07-09 14:40:00,6,chat,False,
INT-003509,AGT-017,2026-07-09 15:01:00,6,call,False,
INT-003344,AGT-012,2026-07-09 15:08:00,6,chat,False,
INT-003180,AGT-006,2026-07-09 15:10:00,6,chat,False,
INT-003354,AGT-012,2026-07-09 15:40:00,6,chat,False,
INT-003511,AGT-018,2026-07-09 15:43:00,6,call,False,
INT-003036,AGT-002,2026-07-09 15:47:00,6,call,False,
INT-003193,AGT-007,2026-07-09 15:48:00,6,call,False,
INT-003103,AGT-004,2026-07-09 15:49:00,6,chat,False,
INT-003237,AGT-008,2026-07-09 16:20:00,6,chat,False,
INT-003064,AGT-003,2026-07-09 16:23:00,6,call,False,
INT-003289,AGT-010,2026-07-09 16:41:00,6,call,False,
INT-003318,AGT-011,2026-07-09 16:50:00,6,chat,False,
INT-003341,AGT-012,2026-07-09 16:51:00,6,call,False,
INT-003309,AGT-011,2026-07-09 16:59:00,6,chat,False,
INT-003133,AGT-005,2026-07-09 17:04:00,6,call,False,
INT-003250,AGT-009,2026-07-09 17:29:00,6,call,False,
INT-003468,AGT-016,2026-07-09 17:31:00,6,chat,False,
INT-003362,AGT-013,2026-07-09 17:31:00,6,chat,False,
INT-003272,AGT-010,2026-07-09 17:32:00,6,chat,False,
INT-003332,AGT-012,2026-07-09 17:35:00,6,call,False,
INT-003575,AGT-020,2026-07-09 17:35:00,6,chat,False,
INT-003208,AGT-007,2026-07-09 17:46:00,6,call,False,
INT-003527,AGT-018,2026-07-09 17:50:00,6,call,False,
INT-003299,AGT-010,2026-07-09 17:52:00,6,chat,False,
INT-003396,AGT-014,2026-07-09 18:05:00,6,call,False,
INT-003094,AGT-004,2026-07-09 18:17:00,6,call,False,
INT-003006,AGT-001,2026-07-09 18:18:00,6,chat,False,
INT-003281,AGT-010,2026-07-09 18:26:00,6,call,False,
INT-003340,AGT-012,2026-07-09 18:51:00,6,call,True,internet_issue
INT-003447,AGT-015,2026-07-09 19:00:00,6,chat,False,
INT-003042,AGT-002,2026-07-09 19:01:00,6,call,False,
INT-003386,AGT-013,2026-07-09 19:13:00,6,call,False,
INT-003010,AGT-001,2026-07-09 19:13:00,6,chat,False,
INT-003421,AGT-015,2026-07-09 19:14:00,6,call,False,
INT-003414,AGT-014,2026-07-09 19:17:00,6,chat,False,
INT-003586,AGT-020,2026-07-09 19:17:00,6,call,False,
INT-003256,AGT-009,2026-07-09 19:20:00,6,chat,False,
INT-003117,AGT-004,2026-07-09 19:26:00,6,chat,False,
INT-003019,AGT-001,2026-07-09 19:33:00,6,call,False,
INT-003482,AGT-017,2026-07-09 19:39:00,6,chat,False,
INT-003562,AGT-019,2026-07-09 19:49:00,6,chat,False,
INT-003387,AGT-013,2026-07-09 19:56:00,6,call,False,
INT-003081,AGT-003,2026-07-10 08:08:00,6,call,True,power_issue
INT-003221,AGT-008,2026-07-10 08:12:00,6,chat,False,
INT-003201,AGT-007,2026-07-10 08:18:00,6,chat,False,
INT-003184,AGT-007,2026-07-10 08:20:00,6,chat,False,
INT-003413,AGT-014,2026-07-10 08:20:00,6,chat,False,
INT-003159,AGT-006,2026-07-10 08:26:00,6,call,False,
INT-003353,AGT-012,2026-07-10 08:28:00,6,call,False,
INT-003488,AGT-017,2026-07-10 08:30:00,6,chat,False,
INT-003233,AGT-008,2026-07-10 08:33:00,6,call,False,
INT-003152,AGT-006,2026-07-10 08:39:00,6,call,False,
INT-003542,AGT-019,2026-07-10 08:47:00,6,chat,False,
INT-003145,AGT-005,2026-07-10 08:54:00,6,chat,False,
INT-003408,AGT-014,2026-07-10 08:54:00,6,call,False,
INT-003271,AGT-010,2026-07-10 09:03:00,6,chat,False,
INT-003100,AGT-004,2026-07-10 09:04:00,6,call,False,
INT-003286,AGT-010,2026-07-10 09:17:00,6,call,False,
INT-003461,AGT-016,2026-07-10 09:20:00,6,chat,False,
INT-003467,AGT-016,2026-07-10 09:29:00,6,call,False,
INT-003153,AGT-006,2026-07-10 09:36:00,6,chat,True,unresolved_handoff
INT-003512,AGT-018,2026-07-10 09:37:00,6,call,False,
INT-003307,AGT-011,2026-07-10 09:37:00,6,call,False,
INT-003464,AGT-016,2026-07-10 09:47:00,6,call,False,
INT-003371,AGT-013,2026-07-10 09:56:00,6,call,False,
INT-003451,AGT-016,2026-07-10 09:57:00,6,call,False,
INT-003206,AGT-007,2026-07-10 09:57:00,6,chat,False,
INT-003437,AGT-015,2026-07-10 09:57:00,6,chat,False,
INT-003472,AGT-016,2026-07-10 10:04:00,6,chat,False,
INT-003548,AGT-019,2026-07-10 10:22:00,6,chat,False,
INT-003085,AGT-003,2026-07-10 10:27:00,6,chat,True,internet_issue
INT-003073,AGT-003,2026-07-10 10:34:00,6,chat,True,power_issue
INT-003600,AGT-020,2026-07-10 10:38:00,6,chat,False,
INT-003251,AGT-009,2026-07-10 10:56:00,6,call,False,
INT-003494,AGT-017,2026-07-10 10:58:00,6,chat,False,
INT-003157,AGT-006,2026-07-10 11:11:00,6,call,False,
INT-003385,AGT-013,2026-07-10 11:11:00,6,call,False,
INT-003589,AGT-020,2026-07-10 11:40:00,6,call,False,
INT-003382,AGT-013,2026-07-10 11:58:00,6,chat,False,
INT-003358,AGT-012,2026-07-10 12:18:00,6,chat,False,
INT-003242,AGT-009,2026-07-10 12:29:00,6,call,False,
INT-003557,AGT-019,2026-07-10 12:31:00,6,chat,False,
INT-003487,AGT-017,2026-07-10 12:37:00,6,chat,False,
INT-003236,AGT-008,2026-07-10 12:39:00,6,chat,False,
INT-003034,AGT-002,2026-07-10 12:40:00,6,chat,False,
INT-003197,AGT-007,2026-07-10 12:45:00,6,call,True,power_issue
INT-003459,AGT-016,2026-07-10 12:51:00,6,call,False,
INT-003230,AGT-008,2026-07-10 13:11:00,6,chat,False,
INT-003003,AGT-001,2026-07-10 13:24:00,6,chat,False,
INT-003448,AGT-015,2026-07-10 13:35:00,6,chat,False,
INT-003259,AGT-009,2026-07-10 13:42:00,6,chat,False,
INT-003515,AGT-018,2026-07-10 13:44:00,6,call,False,
INT-003051,AGT-002,2026-07-10 13:46:00,6,chat,False,
INT-003061,AGT-003,2026-07-10 13:56:00,6,chat,False,
INT-003565,AGT-019,2026-07-10 13:56:00,6,call,False,
INT-003165,AGT-006,2026-07-10 13:58:00,6,chat,False,
INT-003257,AGT-009,2026-07-10 14:19:00,6,chat,True,customer_disconnected_first
INT-003379,AGT-013,2026-07-10 14:19:00,6,call,False,
INT-003056,AGT-002,2026-07-10 14:25:00,6,chat,False,
INT-003346,AGT-012,2026-07-10 14:32:00,6,chat,False,
INT-003219,AGT-008,2026-07-10 14:33:00,6,chat,False,
INT-003267,AGT-009,2026-07-10 14:33:00,6,chat,False,
INT-003187,AGT-007,2026-07-10 14:41:00,6,call,False,
INT-003008,AGT-001,2026-07-10 15:01:00,6,call,False,
INT-003429,AGT-015,2026-07-10 15:16:00,6,call,False,
INT-003477,AGT-016,2026-07-10 15:27:00,6,chat,False,
INT-003373,AGT-013,2026-07-10 15:35:00,6,call,False,
INT-003303,AGT-011,2026-07-10 15:35:00,6,chat,False,
INT-003234,AGT-008,2026-07-10 15:47:00,6,call,False,
INT-003317,AGT-011,2026-07-10 15:49:00,6,chat,False,
INT-003552,AGT-019,2026-07-10 15:56:00,6,call,False,
INT-003102,AGT-004,2026-07-10 16:12:00,6,call,False,
INT-003336,AGT-012,2026-07-10 16:13:00,6,chat,False,
INT-003516,AGT-018,2026-07-10 16:18:00,6,chat,False,
INT-003270,AGT-009,2026-07-10 16:22:00,6,chat,False,
INT-003522,AGT-018,2026-07-10 16:23:00,6,call,False,
INT-003480,AGT-016,2026-07-10 17:00:00,6,call,False,
INT-003599,AGT-020,2026-07-10 17:11:00,6,chat,False,
INT-003226,AGT-008,2026-07-10 17:18:00,6,chat,False,
INT-003150,AGT-005,2026-07-10 17:25:00,6,chat,False,
INT-003240,AGT-008,2026-07-10 17:30:00,6,chat,False,
INT-003550,AGT-019,2026-07-10 17:36:00,6,chat,False,
INT-003127,AGT-005,2026-07-10 17:38:00,6,chat,False,
INT-003012,AGT-001,2026-07-10 18:04:00,6,chat,False,
INT-003470,AGT-016,2026-07-10 18:42:00,6,call,False,
INT-003453,AGT-016,2026-07-10 19:04:00,6,chat,False,
INT-003282,AGT-010,2026-07-10 19:07:00,6,chat,False,
INT-003118,AGT-004,2026-07-10 19:12:00,6,call,False,
INT-003426,AGT-015,2026-07-10 19:12:00,6,call,False,
INT-003531,AGT-018,2026-07-10 19:14:00,6,chat,False,
INT-003592,AGT-020,2026-07-10 19:28:00,6,call,False,
INT-003134,AGT-005,2026-07-10 19:32:00,6,call,False,
INT-003555,AGT-019,2026-07-10 19:36:00,6,chat,False,
INT-003337,AGT-012,2026-07-10 19:36:00,6,call,False,
INT-003375,AGT-013,2026-07-10 19:56:00,6,call,False,
INT-003033,AGT-002,2026-07-11 08:03:00,6,chat,False,
INT-003292,AGT-010,2026-07-11 08:05:00,6,call,False,
INT-003450,AGT-015,2026-07-11 08:19:00,6,chat,False,
INT-003308,AGT-011,2026-07-11 08:21:00,6,chat,False,
INT-003536,AGT-018,2026-07-11 08:43:00,6,call,False,
INT-003222,AGT-008,2026-07-11 08:47:00,6,chat,False,
INT-003074,AGT-003,2026-07-11 08:54:00,6,call,False,
INT-003369,AGT-013,2026-07-11 08:54:00,6,chat,False,
INT-003356,AGT-012,2026-07-11 08:59:00,6,chat,False,
INT-003273,AGT-010,2026-07-11 09:10:00,6,call,False,
INT-003274,AGT-010,2026-07-11 09:10:00,6,call,False,
INT-003434,AGT-015,2026-07-11 09:13:00,6,chat,False,
INT-003177,AGT-006,2026-07-11 09:17:00,6,call,False,
INT-003238,AGT-008,2026-07-11 09:25:00,6,call,True,other
INT-003287,AGT-010,2026-07-11 09:29:00,6,call,False,
INT-003305,AGT-011,2026-07-11 09:41:00,6,chat,False,
INT-003506,AGT-017,2026-07-11 10:11:00,6,call,False,
INT-003304,AGT-011,2026-07-11 10:16:00,6,call,False,
INT-003020,AGT-001,2026-07-11 10:40:00,6,chat,False,
INT-003126,AGT-005,2026-07-11 11:19:00,6,chat,True,customer_disconnected_first
INT-003183,AGT-007,2026-07-11 11:26:00,6,call,False,
INT-003352,AGT-012,2026-07-11 12:03:00,6,chat,False,
INT-003324,AGT-011,2026-07-11 12:12:00,6,call,False,
INT-003331,AGT-012,2026-07-11 13:06:00,6,call,False,
INT-003532,AGT-018,2026-07-11 13:11:00,6,call,False,
INT-003146,AGT-005,2026-07-11 13:14:00,6,call,False,
INT-003490,AGT-017,2026-07-11 13:23:00,6,call,False,
INT-003232,AGT-008,2026-07-11 13:33:00,6,call,False,
INT-003545,AGT-019,2026-07-11 13:36:00,6,chat,False,
INT-003493,AGT-017,2026-07-11 13:40:00,6,chat,False,
INT-003189,AGT-007,2026-07-11 13:41:00,6,chat,False,
INT-003052,AGT-002,2026-07-11 13:42:00,6,call,False,
INT-003029,AGT-001,2026-07-11 14:00:00,6,chat,False,
INT-003367,AGT-013,2026-07-11 14:22:00,6,call,False,
INT-003393,AGT-014,2026-07-11 14:24:00,6,call,False,
INT-003025,AGT-001,2026-07-11 14:27:00,6,chat,False,
INT-003561,AGT-019,2026-07-11 14:41:00,6,call,False,
INT-003055,AGT-002,2026-07-11 14:48:00,6,call,False,
INT-003349,AGT-012,2026-07-11 14:52:00,6,call,False,
INT-003045,AGT-002,2026-07-11 14:52:00,6,chat,False,
INT-003075,AGT-003,2026-07-11 14:53:00,6,chat,False,
INT-003278,AGT-010,2026-07-11 15:05:00,6,call,False,
INT-003492,AGT-017,2026-07-11 15:30:00,6,call,False,
INT-003083,AGT-003,2026-07-11 15:34:00,6,chat,False,
INT-003407,AGT-014,2026-07-11 15:35:00,6,chat,False,
INT-003501,AGT-017,2026-07-11 15:35:00,6,call,False,
INT-003402,AGT-014,2026-07-11 15:48:00,6,call,False,
INT-003310,AGT-011,2026-07-11 15:53:00,6,chat,False,
INT-003394,AGT-014,2026-07-11 15:55:00,6,chat,False,
INT-003293,AGT-010,2026-07-11 16:00:00,6,call,False,
INT-003014,AGT-001,2026-07-11 16:05:00,6,call,False,
INT-003526,AGT-018,2026-07-11 16:08:00,6,call,False,
INT-003128,AGT-005,2026-07-11 16:10:00,6,call,False,
INT-003004,AGT-001,2026-07-11 16:13:00,6,chat,False,
INT-003122,AGT-005,2026-07-11 16:23:00,6,chat,False,
INT-003112,AGT-004,2026-07-11 16:27:00,6,call,False,
INT-003263,AGT-009,2026-07-11 16:28:00,6,chat,False,
INT-003363,AGT-013,2026-07-11 16:31:00,6,call,False,
INT-003570,AGT-019,2026-07-11 16:35:00,6,chat,False,
INT-003577,AGT-020,2026-07-11 16:46:00,6,call,False,
INT-003521,AGT-018,2026-07-11 17:00:00,6,call,False,
INT-003123,AGT-005,2026-07-11 17:08:00,6,chat,False,
INT-003277,AGT-010,2026-07-11 17:25:00,6,chat,False,
INT-003409,AGT-014,2026-07-11 17:30:00,6,chat,False,
INT-003007,AGT-001,2026-07-11 17:55:00,6,chat,False,
INT-003430,AGT-015,2026-07-11 17:56:00,6,call,False,
INT-003537,AGT-018,2026-07-11 18:04:00,6,call,False,
INT-003406,AGT-014,2026-07-11 18:19:00,6,call,False,
INT-003215,AGT-008,2026-07-11 18:22:00,6,call,False,
INT-003534,AGT-018,2026-07-11 18:22:00,6,chat,False,
INT-003143,AGT-005,2026-07-11 18:29:00,6,call,False,
INT-003329,AGT-011,2026-07-11 18:34:00,6,chat,False,
INT-003471,AGT-016,2026-07-11 18:35:00,6,chat,False,
INT-003588,AGT-020,2026-07-11 18:39:00,6,call,False,
INT-003089,AGT-003,2026-07-11 18:50:00,6,chat,True,internet_issue
INT-003154,AGT-006,2026-07-11 19:01:00,6,call,False,
INT-003538,AGT-018,2026-07-11 19:21:00,6,call,False,
INT-003082,AGT-003,2026-07-11 19:24:00,6,call,False,
INT-003596,AGT-020,2026-07-11 19:24:00,6,call,False,
INT-003372,AGT-013,2026-07-11 19:35:00,6,chat,False,
INT-003314,AGT-011,2026-07-12 08:01:00,6,chat,False,
INT-003179,AGT-006,2026-07-12 08:10:00,6,call,False,
INT-003290,AGT-010,2026-07-12 08:22:00,6,chat,False,
INT-003166,AGT-006,2026-07-12 08:44:00,6,call,False,
INT-003418,AGT-014,2026-07-12 08:49:00,6,call,False,
INT-003598,AGT-020,2026-07-12 08:50:00,6,chat,False,
INT-003325,AGT-011,2026-07-12 08:50:00,6,call,True,other
INT-003390,AGT-013,2026-07-12 09:13:00,6,call,False,
INT-003533,AGT-018,2026-07-12 09:14:00,6,chat,False,
INT-003410,AGT-014,2026-07-12 09:21:00,6,call,False,
INT-003276,AGT-010,2026-07-12 09:23:00,6,call,False,
INT-003530,AGT-018,2026-07-12 09:37:00,6,chat,False,
INT-003291,AGT-010,2026-07-12 09:40:00,6,chat,False,
INT-003129,AGT-005,2026-07-12 09:53:00,6,chat,False,
INT-003090,AGT-003,2026-07-12 09:55:00,6,chat,False,
INT-003541,AGT-019,2026-07-12 10:13:00,6,call,False,
INT-003301,AGT-011,2026-07-12 10:14:00,6,call,False,
INT-003568,AGT-019,2026-07-12 10:19:00,6,call,False,
INT-003381,AGT-013,2026-07-12 10:39:00,6,call,False,
INT-003072,AGT-003,2026-07-12 10:49:00,6,chat,False,
INT-003560,AGT-019,2026-07-12 10:54:00,6,chat,False,
INT-003465,AGT-016,2026-07-12 11:04:00,6,chat,False,
INT-003323,AGT-011,2026-07-12 11:21:00,6,call,False,
INT-003327,AGT-011,2026-07-12 11:24:00,6,chat,False,
INT-003062,AGT-003,2026-07-12 11:32:00,6,chat,False,
INT-003142,AGT-005,2026-07-12 11:36:00,6,call,True,unresolved_handoff
INT-003454,AGT-016,2026-07-12 11:43:00,6,chat,False,
INT-003078,AGT-003,2026-07-12 11:58:00,6,chat,False,
INT-003017,AGT-001,2026-07-12 12:06:00,6,call,False,
INT-003564,AGT-019,2026-07-12 12:25:00,6,chat,False,
INT-003170,AGT-006,2026-07-12 12:33:00,6,chat,False,
INT-003551,AGT-019,2026-07-12 12:53:00,6,call,False,
INT-003243,AGT-009,2026-07-12 13:01:00,6,call,False,
INT-003517,AGT-018,2026-07-12 13:02:00,6,chat,True,power_issue
INT-003168,AGT-006,2026-07-12 13:03:00,6,chat,False,
INT-003449,AGT-015,2026-07-12 13:10:00,6,chat,False,
INT-003595,AGT-020,2026-07-12 13:17:00,6,call,False,
INT-003478,AGT-016,2026-07-12 13:27:00,6,call,False,
INT-003044,AGT-002,2026-07-12 13:28:00,6,chat,False,
INT-003380,AGT-013,2026-07-12 13:40:00,6,call,True,unresolved_handoff
INT-003566,AGT-019,2026-07-12 14:04:00,6,call,False,
INT-003489,AGT-017,2026-07-12 14:06:00,6,call,False,
INT-003428,AGT-015,2026-07-12 14:13:00,6,chat,False,
INT-003213,AGT-008,2026-07-12 14:37:00,6,chat,False,
INT-003389,AGT-013,2026-07-12 14:41:00,6,call,False,
INT-003021,AGT-001,2026-07-12 14:46:00,6,call,False,
INT-003084,AGT-003,2026-07-12 14:51:00,6,chat,False,
INT-003376,AGT-013,2026-07-12 15:00:00,6,call,False,
INT-003198,AGT-007,2026-07-12 15:14:00,6,chat,False,
INT-003384,AGT-013,2026-07-12 15:17:00,6,call,False,
INT-003169,AGT-006,2026-07-12 15:23:00,6,chat,False,
INT-003194,AGT-007,2026-07-12 15:31:00,6,call,False,
INT-003053,AGT-002,2026-07-12 15:39:00,6,call,False,
INT-003544,AGT-019,2026-07-12 15:55:00,6,chat,False,
INT-003591,AGT-020,2026-07-12 16:09:00,6,call,False,
INT-003469,AGT-016,2026-07-12 16:33:00,6,chat,False,
INT-003235,AGT-008,2026-07-12 16:40:00,6,call,False,
INT-003255,AGT-009,2026-07-12 16:54:00,6,call,False,
INT-003076,AGT-003,2026-07-12 16:56:00,6,chat,False,
INT-003495,AGT-017,2026-07-12 17:02:00,6,chat,False,
INT-003427,AGT-015,2026-07-12 17:08:00,6,chat,False,
INT-003001,AGT-001,2026-07-12 17:19:00,6,chat,False,
INT-003110,AGT-004,2026-07-12 17:20:00,6,chat,False,
INT-003364,AGT-013,2026-07-12 17:21:00,6,call,False,
INT-003211,AGT-008,2026-07-12 17:24:00,6,chat,False,
INT-003320,AGT-011,2026-07-12 17:25:00,6,call,False,
INT-003444,AGT-015,2026-07-12 17:35:00,6,call,False,
INT-003455,AGT-016,2026-07-12 17:35:00,6,chat,False,
INT-003321,AGT-011,2026-07-12 17:40:00,6,call,False,
INT-003422,AGT-015,2026-07-12 17:40:00,6,call,False,
INT-003125,AGT-005,2026-07-12 17:44:00,6,chat,False,
INT-003049,AGT-002,2026-07-12 18:00:00,6,chat,False,
INT-003216,AGT-008,2026-07-12 18:13:00,6,call,False,
INT-003164,AGT-006,2026-07-12 18:23:00,6,call,True,customer_disconnected_first
INT-003195,AGT-007,2026-07-12 18:28:00,6,call,False,
INT-003357,AGT-012,2026-07-12 18:28:00,6,chat,False,
INT-003260,AGT-009,2026-07-12 19:02:00,6,chat,True,power_issue
INT-003558,AGT-019,2026-07-12 19:05:00,6,chat,False,
INT-003077,AGT-003,2026-07-12 19:07:00,6,chat,False,
INT-003505,AGT-017,2026-07-12 19:08:00,6,call,False,
INT-003137,AGT-005,2026-07-12 19:22:00,6,chat,False,
INT-003502,AGT-017,2026-07-12 19:30:00,6,chat,False,
INT-003485,AGT-017,2026-07-12 19:32:00,6,call,False,
INT-003342,AGT-012,2026-07-12 19:48:00,6,call,False,
INT-003514,AGT-018,2026-07-12 19:59:00,6,call,False,
INT-003638,AGT-002,2026-07-13 08:15:00,7,call,False,
INT-004173,AGT-020,2026-07-13 08:17:00,7,call,False,
INT-003937,AGT-012,2026-07-13 08:47:00,7,call,False,
INT-004073,AGT-016,2026-07-13 09:04:00,7,chat,True,customer_disconnected_first
INT-004125,AGT-018,2026-07-13 09:07:00,7,call,False,
INT-003887,AGT-010,2026-07-13 09:11:00,7,chat,False,
INT-004010,AGT-014,2026-07-13 09:15:00,7,call,False,
INT-003748,AGT-005,2026-07-13 09:15:00,7,call,False,
INT-003962,AGT-013,2026-07-13 09:16:00,7,call,False,
INT-003865,AGT-009,2026-07-13 09:20:00,7,chat,False,
INT-004152,AGT-019,2026-07-13 09:37:00,7,call,False,
INT-004006,AGT-014,2026-07-13 09:45:00,7,call,False,
INT-004138,AGT-018,2026-07-13 09:56:00,7,call,False,
INT-003924,AGT-011,2026-07-13 09:57:00,7,chat,False,
INT-003708,AGT-004,2026-07-13 10:02:00,7,call,False,
INT-003615,AGT-001,2026-07-13 10:10:00,7,call,False,
INT-003669,AGT-003,2026-07-13 10:17:00,7,chat,False,
INT-004122,AGT-018,2026-07-13 10:24:00,7,call,False,
INT-003812,AGT-008,2026-07-13 10:29:00,7,chat,False,
INT-003684,AGT-003,2026-07-13 10:31:00,7,call,False,
INT-003619,AGT-001,2026-07-13 10:46:00,7,call,False,
INT-004099,AGT-017,2026-07-13 10:55:00,7,chat,False,
INT-004115,AGT-018,2026-07-13 11:00:00,7,call,False,
INT-004126,AGT-018,2026-07-13 11:07:00,7,call,False,
INT-003957,AGT-012,2026-07-13 11:15:00,7,chat,False,
INT-003686,AGT-003,2026-07-13 11:15:00,7,call,False,
INT-003698,AGT-004,2026-07-13 11:19:00,7,chat,False,
INT-004191,AGT-020,2026-07-13 11:25:00,7,call,False,
INT-003659,AGT-002,2026-07-13 11:43:00,7,chat,False,
INT-003648,AGT-002,2026-07-13 11:50:00,7,chat,False,
INT-003968,AGT-013,2026-07-13 12:00:00,7,call,False,
INT-003678,AGT-003,2026-07-13 12:00:00,7,call,False,
INT-003609,AGT-001,2026-07-13 12:05:00,7,call,False,
INT-004176,AGT-020,2026-07-13 12:30:00,7,chat,False,
INT-003636,AGT-002,2026-07-13 12:35:00,7,call,False,
INT-003790,AGT-007,2026-07-13 13:03:00,7,call,False,
INT-003888,AGT-010,2026-07-13 13:23:00,7,call,False,
INT-003611,AGT-001,2026-07-13 13:25:00,7,call,False,
INT-004003,AGT-014,2026-07-13 13:33:00,7,chat,False,
INT-003955,AGT-012,2026-07-13 13:48:00,7,chat,False,
INT-003840,AGT-008,2026-07-13 13:56:00,7,chat,False,
INT-003612,AGT-001,2026-07-13 13:57:00,7,chat,False,
INT-003944,AGT-012,2026-07-13 14:04:00,7,call,False,
INT-003613,AGT-001,2026-07-13 14:19:00,7,chat,False,
INT-004066,AGT-016,2026-07-13 14:20:00,7,call,False,
INT-003805,AGT-007,2026-07-13 14:35:00,7,call,False,
INT-004103,AGT-017,2026-07-13 14:49:00,7,call,False,
INT-003829,AGT-008,2026-07-13 14:57:00,7,chat,False,
INT-003926,AGT-011,2026-07-13 14:58:00,7,chat,False,
INT-003871,AGT-010,2026-07-13 15:19:00,7,chat,False,
INT-004139,AGT-018,2026-07-13 15:22:00,7,call,False,
INT-003930,AGT-011,2026-07-13 15:42:00,7,call,False,
INT-003848,AGT-009,2026-07-13 15:46:00,7,call,False,
INT-004118,AGT-018,2026-07-13 16:07:00,7,call,False,
INT-003800,AGT-007,2026-07-13 16:10:00,7,call,False,
INT-004196,AGT-020,2026-07-13 16:29:00,7,chat,False,
INT-004116,AGT-018,2026-07-13 16:29:00,7,chat,False,
INT-003929,AGT-011,2026-07-13 16:51:00,7,chat,False,
INT-003734,AGT-005,2026-07-13 16:53:00,7,call,True,power_issue
INT-003970,AGT-013,2026-07-13 16:55:00,7,chat,False,
INT-003842,AGT-009,2026-07-13 17:02:00,7,call,False,
INT-003904,AGT-011,2026-07-13 17:04:00,7,call,False,
INT-003709,AGT-004,2026-07-13 17:10:00,7,chat,False,
INT-003778,AGT-006,2026-07-13 17:11:00,7,call,False,
INT-003945,AGT-012,2026-07-13 17:12:00,7,chat,False,
INT-004195,AGT-020,2026-07-13 17:24:00,7,call,False,
INT-003960,AGT-012,2026-07-13 17:39:00,7,chat,False,
INT-003745,AGT-005,2026-07-13 17:50:00,7,call,False,
INT-004026,AGT-015,2026-07-13 17:59:00,7,call,False,
INT-003819,AGT-008,2026-07-13 18:01:00,7,call,False,
INT-004042,AGT-015,2026-07-13 18:06:00,7,call,False,
INT-003697,AGT-004,2026-07-13 18:07:00,7,call,False,
INT-003907,AGT-011,2026-07-13 18:31:00,7,chat,False,
INT-003797,AGT-007,2026-07-13 18:51:00,7,chat,False,
INT-003856,AGT-009,2026-07-13 18:53:00,7,chat,False,
INT-004001,AGT-014,2026-07-13 18:55:00,7,chat,False,
INT-004063,AGT-016,2026-07-13 19:03:00,7,call,False,
INT-003733,AGT-005,2026-07-13 19:59:00,7,chat,False,
INT-004181,AGT-020,2026-07-14 08:13:00,7,call,False,
INT-003729,AGT-005,2026-07-14 08:22:00,7,call,False,
INT-003662,AGT-003,2026-07-14 08:23:00,7,call,False,
INT-004024,AGT-015,2026-07-14 08:33:00,7,chat,False,
INT-004119,AGT-018,2026-07-14 08:35:00,7,chat,False,
INT-003971,AGT-013,2026-07-14 08:45:00,7,call,False,
INT-003905,AGT-011,2026-07-14 08:45:00,7,chat,False,
INT-004054,AGT-016,2026-07-14 09:16:00,7,call,False,
INT-003622,AGT-001,2026-07-14 09:30:00,7,chat,False,
INT-004147,AGT-019,2026-07-14 09:34:00,7,chat,False,
INT-004109,AGT-017,2026-07-14 09:34:00,7,chat,True,unresolved_handoff
INT-003818,AGT-008,2026-07-14 09:35:00,7,call,False,
INT-004114,AGT-018,2026-07-14 09:39:00,7,chat,True,internet_issue
INT-004186,AGT-020,2026-07-14 09:44:00,7,call,False,
INT-003639,AGT-002,2026-07-14 09:53:00,7,chat,False,
INT-003767,AGT-006,2026-07-14 10:19:00,7,chat,False,
INT-004080,AGT-016,2026-07-14 10:24:00,7,call,False,
INT-004188,AGT-020,2026-07-14 10:32:00,7,chat,False,
INT-003895,AGT-010,2026-07-14 10:35:00,7,call,False,
INT-004144,AGT-019,2026-07-14 10:37:00,7,chat,False,
INT-003695,AGT-004,2026-07-14 10:44:00,7,call,False,
INT-003774,AGT-006,2026-07-14 10:50:00,7,chat,False,
INT-003841,AGT-009,2026-07-14 10:54:00,7,call,False,
INT-004180,AGT-020,2026-07-14 10:57:00,7,chat,False,
INT-004071,AGT-016,2026-07-14 10:58:00,7,call,False,
INT-004193,AGT-020,2026-07-14 11:01:00,7,call,False,
INT-003739,AGT-005,2026-07-14 11:18:00,7,call,True,unresolved_handoff
INT-003801,AGT-007,2026-07-14 11:31:00,7,chat,False,
INT-004128,AGT-018,2026-07-14 11:41:00,7,chat,False,
INT-003891,AGT-010,2026-07-14 11:48:00,7,chat,False,
INT-004127,AGT-018,2026-07-14 11:55:00,7,chat,False,
INT-004199,AGT-020,2026-07-14 11:59:00,7,call,False,
INT-004075,AGT-016,2026-07-14 12:03:00,7,call,False,
INT-003681,AGT-003,2026-07-14 12:05:00,7,chat,True,unresolved_handoff
INT-003933,AGT-012,2026-07-14 12:37:00,7,call,True,unresolved_handoff
INT-003920,AGT-011,2026-07-14 12:45:00,7,chat,False,
INT-003923,AGT-011,2026-07-14 13:33:00,7,call,False,
INT-004016,AGT-014,2026-07-14 13:46:00,7,chat,False,
INT-003919,AGT-011,2026-07-14 13:56:00,7,chat,False,
INT-004078,AGT-016,2026-07-14 14:01:00,7,call,False,
INT-004182,AGT-020,2026-07-14 14:12:00,7,chat,False,
INT-003826,AGT-008,2026-07-14 14:26:00,7,call,False,
INT-003822,AGT-008,2026-07-14 14:43:00,7,call,False,
INT-003784,AGT-007,2026-07-14 15:08:00,7,chat,False,
INT-003753,AGT-006,2026-07-14 15:23:00,7,call,False,
INT-004163,AGT-019,2026-07-14 15:31:00,7,call,False,
INT-004161,AGT-019,2026-07-14 15:43:00,7,chat,False,
INT-003943,AGT-012,2026-07-14 15:52:00,7,call,False,
INT-003870,AGT-009,2026-07-14 15:53:00,7,chat,False,
INT-003788,AGT-007,2026-07-14 15:53:00,7,call,False,
INT-003651,AGT-002,2026-07-14 15:54:00,7,call,False,
INT-004154,AGT-019,2026-07-14 16:14:00,7,call,False,
INT-004129,AGT-018,2026-07-14 16:20:00,7,chat,False,
INT-003922,AGT-011,2026-07-14 16:22:00,7,chat,False,
INT-003704,AGT-004,2026-07-14 16:26:00,7,call,False,
INT-004131,AGT-018,2026-07-14 16:26:00,7,chat,False,
INT-004069,AGT-016,2026-07-14 16:28:00,7,chat,False,
INT-004055,AGT-016,2026-07-14 16:32:00,7,call,False,
INT-003710,AGT-004,2026-07-14 16:38:00,7,chat,False,
INT-003791,AGT-007,2026-07-14 16:45:00,7,chat,False,
INT-003756,AGT-006,2026-07-14 16:55:00,7,chat,False,
INT-004132,AGT-018,2026-07-14 17:04:00,7,call,False,
INT-003864,AGT-009,2026-07-14 17:07:00,7,call,False,
INT-003760,AGT-006,2026-07-14 17:11:00,7,chat,False,
INT-003608,AGT-001,2026-07-14 17:14:00,7,call,False,
INT-003674,AGT-003,2026-07-14 17:15:00,7,chat,False,
INT-003782,AGT-007,2026-07-14 17:22:00,7,chat,False,
INT-003951,AGT-012,2026-07-14 17:26:00,7,chat,False,
INT-003694,AGT-004,2026-07-14 17:27:00,7,chat,False,
INT-003716,AGT-004,2026-07-14 18:15:00,7,chat,False,
INT-004077,AGT-016,2026-07-14 18:17:00,7,chat,False,
INT-003761,AGT-006,2026-07-14 18:31:00,7,chat,False,
INT-003625,AGT-001,2026-07-14 18:31:00,7,call,False,
INT-004004,AGT-014,2026-07-14 18:45:00,7,chat,False,
INT-003886,AGT-010,2026-07-14 18:45:00,7,chat,False,
INT-004022,AGT-015,2026-07-14 18:45:00,7,call,False,
INT-003880,AGT-010,2026-07-14 18:52:00,7,chat,False,
INT-003849,AGT-009,2026-07-14 18:56:00,7,chat,False,
INT-003770,AGT-006,2026-07-14 18:58:00,7,call,False,
INT-003927,AGT-011,2026-07-14 19:10:00,7,call,False,
INT-004090,AGT-017,2026-07-14 19:20:00,7,call,False,
INT-003617,AGT-001,2026-07-14 19:21:00,7,chat,False,
INT-003783,AGT-007,2026-07-14 19:22:00,7,chat,True,internet_issue
INT-003614,AGT-001,2026-07-14 19:29:00,7,call,False,
INT-004165,AGT-019,2026-07-14 19:32:00,7,chat,False,
INT-003813,AGT-008,2026-07-14 19:33:00,7,call,False,
INT-004117,AGT-018,2026-07-14 19:35:00,7,call,False,
INT-003765,AGT-006,2026-07-14 19:36:00,7,chat,False,
INT-003696,AGT-004,2026-07-14 19:50:00,7,call,False,
INT-003632,AGT-002,2026-07-14 19:50:00,7,chat,False,
INT-003988,AGT-013,2026-07-15 08:03:00,7,call,False,
INT-004065,AGT-016,2026-07-15 08:09:00,7,call,False,
INT-004093,AGT-017,2026-07-15 08:25:00,7,call,False,
INT-003773,AGT-006,2026-07-15 08:39:00,7,call,False,
INT-003664,AGT-003,2026-07-15 08:53:00,7,call,False,
INT-003641,AGT-002,2026-07-15 09:00:00,7,chat,False,
INT-004121,AGT-018,2026-07-15 09:17:00,7,chat,False,
INT-003623,AGT-001,2026-07-15 09:20:00,7,call,False,
INT-004185,AGT-020,2026-07-15 09:29:00,7,call,False,
INT-004153,AGT-019,2026-07-15 09:33:00,7,chat,False,
INT-003963,AGT-013,2026-07-15 09:34:00,7,call,False,
INT-003749,AGT-005,2026-07-15 09:38:00,7,chat,False,
INT-003758,AGT-006,2026-07-15 09:41:00,7,call,False,
INT-003969,AGT-013,2026-07-15 09:42:00,7,chat,False,
INT-003661,AGT-003,2026-07-15 09:51:00,7,chat,False,
INT-003644,AGT-002,2026-07-15 09:56:00,7,call,False,
INT-003964,AGT-013,2026-07-15 10:16:00,7,call,False,
INT-003882,AGT-010,2026-07-15 10:24:00,7,call,False,
INT-003998,AGT-014,2026-07-15 10:27:00,7,call,False,
INT-003743,AGT-005,2026-07-15 10:33:00,7,chat,False,
INT-004169,AGT-019,2026-07-15 10:42:00,7,call,False,
INT-003691,AGT-004,2026-07-15 10:47:00,7,call,False,
INT-003706,AGT-004,2026-07-15 10:56:00,7,chat,False,
INT-003795,AGT-007,2026-07-15 11:09:00,7,chat,False,
INT-003903,AGT-011,2026-07-15 11:31:00,7,call,False,
INT-003869,AGT-009,2026-07-15 11:59:00,7,call,False,
INT-004187,AGT-020,2026-07-15 12:23:00,7,call,False,
INT-003728,AGT-005,2026-07-15 12:41:00,7,call,True,power_issue
INT-004033,AGT-015,2026-07-15 12:42:00,7,chat,False,
INT-003834,AGT-008,2026-07-15 13:06:00,7,call,False,
INT-004079,AGT-016,2026-07-15 13:24:00,7,chat,False,
INT-004058,AGT-016,2026-07-15 13:28:00,7,chat,False,
INT-003850,AGT-009,2026-07-15 13:31:00,7,call,False,
INT-003769,AGT-006,2026-07-15 13:44:00,7,chat,False,
INT-003702,AGT-004,2026-07-15 13:45:00,7,chat,False,
INT-003816,AGT-008,2026-07-15 13:49:00,7,chat,False,
INT-004019,AGT-014,2026-07-15 14:00:00,7,call,False,
INT-004081,AGT-017,2026-07-15 14:04:00,7,call,False,
INT-003994,AGT-014,2026-07-15 14:08:00,7,chat,False,
INT-003973,AGT-013,2026-07-15 14:08:00,7,chat,False,
INT-003851,AGT-009,2026-07-15 14:12:00,7,call,False,
INT-004029,AGT-015,2026-07-15 14:18:00,7,chat,False,
INT-003785,AGT-007,2026-07-15 14:23:00,7,call,False,
INT-003981,AGT-013,2026-07-15 14:31:00,7,chat,False,
INT-003635,AGT-002,2026-07-15 14:32:00,7,call,False,
INT-003918,AGT-011,2026-07-15 14:35:00,7,call,False,
INT-003631,AGT-002,2026-07-15 14:47:00,7,call,False,
INT-003772,AGT-006,2026-07-15 15:04:00,7,call,False,
INT-003843,AGT-009,2026-07-15 15:04:00,7,chat,False,
INT-003956,AGT-012,2026-07-15 15:10:00,7,chat,False,
INT-004057,AGT-016,2026-07-15 15:13:00,7,chat,False,
INT-003637,AGT-002,2026-07-15 15:18:00,7,chat,False,
INT-004009,AGT-014,2026-07-15 15:21:00,7,chat,False,
INT-003830,AGT-008,2026-07-15 15:21:00,7,call,False,
INT-003883,AGT-010,2026-07-15 15:22:00,7,call,False,
INT-003799,AGT-007,2026-07-15 15:24:00,7,chat,False,
INT-003901,AGT-011,2026-07-15 15:55:00,7,chat,False,
INT-003620,AGT-001,2026-07-15 16:05:00,7,call,False,
INT-003990,AGT-013,2026-07-15 16:23:00,7,call,False,
INT-004047,AGT-015,2026-07-15 16:28:00,7,chat,False,
INT-003621,AGT-001,2026-07-15 16:30:00,7,call,False,
INT-003707,AGT-004,2026-07-15 16:34:00,7,call,False,
INT-003837,AGT-008,2026-07-15 16:42:00,7,chat,False,
INT-003912,AGT-011,2026-07-15 17:08:00,7,call,False,
INT-003878,AGT-010,2026-07-15 17:17:00,7,chat,False,
INT-004105,AGT-017,2026-07-15 17:19:00,7,chat,False,
INT-004092,AGT-017,2026-07-15 17:24:00,7,chat,False,
INT-003794,AGT-007,2026-07-15 17:28:00,7,call,False,
INT-003997,AGT-014,2026-07-15 17:29:00,7,chat,False,
INT-004051,AGT-016,2026-07-15 17:36:00,7,call,False,
INT-003629,AGT-001,2026-07-15 17:39:00,7,call,False,
INT-004095,AGT-017,2026-07-15 17:48:00,7,call,False,
INT-004100,AGT-017,2026-07-15 18:09:00,7,call,False,
INT-003786,AGT-007,2026-07-15 18:34:00,7,call,False,
INT-003975,AGT-013,2026-07-15 18:38:00,7,chat,False,
INT-003984,AGT-013,2026-07-15 18:45:00,7,chat,True,customer_disconnected_first
INT-004120,AGT-018,2026-07-15 18:47:00,7,call,False,
INT-004002,AGT-014,2026-07-15 18:51:00,7,call,False,
INT-003798,AGT-007,2026-07-15 18:57:00,7,call,False,
INT-003688,AGT-003,2026-07-15 19:05:00,7,call,False,
INT-003872,AGT-010,2026-07-15 19:11:00,7,call,False,
INT-003821,AGT-008,2026-07-15 19:18:00,7,call,False,
INT-004140,AGT-018,2026-07-15 19:34:00,7,call,False,
INT-004041,AGT-015,2026-07-15 19:35:00,7,call,False,
INT-003668,AGT-003,2026-07-15 19:47:00,7,chat,False,
INT-003977,AGT-013,2026-07-15 19:48:00,7,chat,False,
INT-003972,AGT-013,2026-07-15 19:48:00,7,chat,False,
INT-004087,AGT-017,2026-07-15 19:59:00,7,call,False,
INT-004030,AGT-015,2026-07-16 08:11:00,7,call,False,
INT-003634,AGT-002,2026-07-16 08:19:00,7,call,False,
INT-003720,AGT-004,2026-07-16 08:25:00,7,chat,False,
INT-003824,AGT-008,2026-07-16 08:26:00,7,chat,False,
INT-004023,AGT-015,2026-07-16 08:38:00,7,call,False,
INT-003823,AGT-008,2026-07-16 08:54:00,7,call,False,
INT-003604,AGT-001,2026-07-16 08:55:00,7,chat,False,
INT-003900,AGT-010,2026-07-16 08:55:00,7,call,False,
INT-003650,AGT-002,2026-07-16 08:58:00,7,chat,False,
INT-003953,AGT-012,2026-07-16 09:07:00,7,chat,True,internet_issue
INT-003665,AGT-003,2026-07-16 09:13:00,7,call,False,
INT-004189,AGT-020,2026-07-16 09:27:00,7,chat,False,
INT-004172,AGT-020,2026-07-16 09:28:00,7,call,False,
INT-003868,AGT-009,2026-07-16 09:42:00,7,call,False,
INT-003775,AGT-006,2026-07-16 09:54:00,7,call,False,
INT-004086,AGT-017,2026-07-16 10:02:00,7,call,False,
INT-004177,AGT-020,2026-07-16 10:28:00,7,chat,False,
INT-003896,AGT-010,2026-07-16 10:33:00,7,call,False,
INT-003827,AGT-008,2026-07-16 10:34:00,7,call,True,customer_disconnected_first
INT-003897,AGT-010,2026-07-16 10:37:00,7,chat,False,
INT-004008,AGT-014,2026-07-16 10:44:00,7,chat,False,
INT-003677,AGT-003,2026-07-16 10:52:00,7,call,False,
INT-004134,AGT-018,2026-07-16 10:52:00,7,chat,False,
INT-003996,AGT-014,2026-07-16 10:53:00,7,chat,False,
INT-003989,AGT-013,2026-07-16 10:55:00,7,call,False,
INT-004025,AGT-015,2026-07-16 11:03:00,7,chat,False,
INT-003835,AGT-008,2026-07-16 11:29:00,7,chat,False,
INT-004084,AGT-017,2026-07-16 11:30:00,7,call,False,
INT-003993,AGT-014,2026-07-16 11:36:00,7,chat,False,
INT-004027,AGT-015,2026-07-16 12:21:00,7,call,False,
INT-003646,AGT-002,2026-07-16 12:22:00,7,chat,False,
INT-003717,AGT-004,2026-07-16 12:25:00,7,call,False,
INT-003906,AGT-011,2026-07-16 12:27:00,7,call,False,
INT-003777,AGT-006,2026-07-16 12:39:00,7,call,False,
INT-004112,AGT-018,2026-07-16 12:42:00,7,chat,False,
INT-003737,AGT-005,2026-07-16 12:46:00,7,chat,False,
INT-004031,AGT-015,2026-07-16 12:53:00,7,call,False,
INT-003860,AGT-009,2026-07-16 12:53:00,7,chat,True,power_issue
INT-003793,AGT-007,2026-07-16 13:09:00,7,chat,False,
INT-003699,AGT-004,2026-07-16 13:21:00,7,chat,False,
INT-004192,AGT-020,2026-07-16 13:45:00,7,chat,False,
INT-003921,AGT-011,2026-07-16 14:03:00,7,call,False,
INT-003660,AGT-002,2026-07-16 14:03:00,7,call,False,
INT-004162,AGT-019,2026-07-16 14:15:00,7,chat,False,
INT-003763,AGT-006,2026-07-16 14:15:00,7,call,False,
INT-003754,AGT-006,2026-07-16 14:54:00,7,call,False,
INT-004034,AGT-015,2026-07-16 14:57:00,7,call,False,
INT-004164,AGT-019,2026-07-16 15:04:00,7,call,False,
INT-003810,AGT-007,2026-07-16 15:14:00,7,call,True,power_issue
INT-003731,AGT-005,2026-07-16 15:28:00,7,chat,False,
INT-003862,AGT-009,2026-07-16 15:34:00,7,chat,False,
INT-003693,AGT-004,2026-07-16 15:40:00,7,chat,False,
INT-003934,AGT-012,2026-07-16 15:44:00,7,call,False,
INT-003879,AGT-010,2026-07-16 15:50:00,7,chat,False,
INT-004097,AGT-017,2026-07-16 15:51:00,7,call,False,
INT-003961,AGT-013,2026-07-16 15:59:00,7,call,True,internet_issue
INT-004166,AGT-019,2026-07-16 16:04:00,7,chat,True,internet_issue
INT-003649,AGT-002,2026-07-16 16:14:00,7,call,False,
INT-003941,AGT-012,2026-07-16 16:17:00,7,call,False,
INT-003859,AGT-009,2026-07-16 16:24:00,7,call,False,
INT-004049,AGT-015,2026-07-16 16:25:00,7,chat,False,
INT-003721,AGT-005,2026-07-16 16:27:00,7,chat,False,
INT-003877,AGT-010,2026-07-16 16:32:00,7,chat,False,
INT-003979,AGT-013,2026-07-16 16:33:00,7,call,False,
INT-004101,AGT-017,2026-07-16 16:55:00,7,call,False,
INT-003832,AGT-008,2026-07-16 16:59:00,7,chat,False,
INT-004178,AGT-020,2026-07-16 17:30:00,7,call,False,
INT-004150,AGT-019,2026-07-16 17:33:00,7,chat,False,
INT-003966,AGT-013,2026-07-16 18:15:00,7,chat,False,
INT-003928,AGT-011,2026-07-16 18:16:00,7,chat,False,
INT-003967,AGT-013,2026-07-16 18:16:00,7,chat,False,
INT-003602,AGT-001,2026-07-16 18:26:00,7,chat,False,
INT-004190,AGT-020,2026-07-16 18:36:00,7,chat,False,
INT-004171,AGT-020,2026-07-16 18:57:00,7,call,False,
INT-003671,AGT-003,2026-07-16 18:59:00,7,chat,False,
INT-003809,AGT-007,2026-07-16 19:02:00,7,call,False,
INT-004148,AGT-019,2026-07-16 19:05:00,7,chat,False,
INT-003942,AGT-012,2026-07-16 19:11:00,7,chat,False,
INT-004076,AGT-016,2026-07-16 19:14:00,7,call,False,
INT-003673,AGT-003,2026-07-16 19:33:00,7,chat,False,
INT-004104,AGT-017,2026-07-16 19:36:00,7,chat,False,
INT-004072,AGT-016,2026-07-16 19:41:00,7,call,False,
INT-003724,AGT-005,2026-07-17 08:03:00,7,chat,True,customer_disconnected_first
INT-003949,AGT-012,2026-07-17 08:06:00,7,call,False,
INT-003974,AGT-013,2026-07-17 08:30:00,7,call,True,customer_disconnected_first
INT-003825,AGT-008,2026-07-17 08:37:00,7,call,False,
INT-003667,AGT-003,2026-07-17 08:41:00,7,chat,False,
INT-003744,AGT-005,2026-07-17 08:58:00,7,chat,True,unresolved_handoff
INT-003845,AGT-009,2026-07-17 09:02:00,7,call,False,
INT-003916,AGT-011,2026-07-17 09:05:00,7,chat,False,
INT-003715,AGT-004,2026-07-17 09:10:00,7,call,False,
INT-004200,AGT-020,2026-07-17 09:12:00,7,chat,False,
INT-003952,AGT-012,2026-07-17 09:17:00,7,chat,False,
INT-003789,AGT-007,2026-07-17 09:23:00,7,chat,False,
INT-004174,AGT-020,2026-07-17 09:26:00,7,chat,False,
INT-003610,AGT-001,2026-07-17 09:45:00,7,call,False,
INT-004135,AGT-018,2026-07-17 09:48:00,7,call,False,
INT-003701,AGT-004,2026-07-17 10:27:00,7,call,False,
INT-003838,AGT-008,2026-07-17 10:47:00,7,chat,False,
INT-004038,AGT-015,2026-07-17 10:55:00,7,call,False,
INT-003978,AGT-013,2026-07-17 10:56:00,7,chat,False,
INT-004113,AGT-018,2026-07-17 11:02:00,7,call,False,
INT-003831,AGT-008,2026-07-17 11:04:00,7,chat,False,
INT-004142,AGT-019,2026-07-17 11:08:00,7,chat,False,
INT-003932,AGT-012,2026-07-17 11:15:00,7,call,False,
INT-003965,AGT-013,2026-07-17 11:33:00,7,chat,False,
INT-003719,AGT-004,2026-07-17 11:44:00,7,call,False,
INT-003740,AGT-005,2026-07-17 11:49:00,7,call,False,
INT-003867,AGT-009,2026-07-17 11:53:00,7,call,False,
INT-003899,AGT-010,2026-07-17 12:10:00,7,call,False,
INT-003995,AGT-014,2026-07-17 12:22:00,7,chat,False,
INT-003742,AGT-005,2026-07-17 12:29:00,7,chat,False,
INT-004158,AGT-019,2026-07-17 12:29:00,7,chat,False,
INT-003807,AGT-007,2026-07-17 12:43:00,7,chat,False,
INT-003762,AGT-006,2026-07-17 12:54:00,7,call,False,
INT-003683,AGT-003,2026-07-17 12:57:00,7,call,True,power_issue
INT-003656,AGT-002,2026-07-17 13:05:00,7,chat,False,
INT-003986,AGT-013,2026-07-17 13:23:00,7,call,False,
INT-004017,AGT-014,2026-07-17 13:28:00,7,chat,False,
INT-003982,AGT-013,2026-07-17 13:31:00,7,call,False,
INT-003755,AGT-006,2026-07-17 13:42:00,7,call,False,
INT-003725,AGT-005,2026-07-17 13:52:00,7,chat,False,
INT-003768,AGT-006,2026-07-17 13:54:00,7,call,False,
INT-004062,AGT-016,2026-07-17 13:54:00,7,chat,False,
INT-003999,AGT-014,2026-07-17 13:59:00,7,chat,False,
INT-003811,AGT-008,2026-07-17 13:59:00,7,chat,False,
INT-004082,AGT-017,2026-07-17 14:28:00,7,chat,False,
INT-003884,AGT-010,2026-07-17 14:30:00,7,call,False,
INT-004111,AGT-018,2026-07-17 14:33:00,7,call,False,
INT-003931,AGT-012,2026-07-17 15:07:00,7,chat,False,
INT-003991,AGT-014,2026-07-17 15:26:00,7,chat,False,
INT-003861,AGT-009,2026-07-17 15:27:00,7,chat,False,
INT-004157,AGT-019,2026-07-17 15:30:00,7,chat,False,
INT-004170,AGT-019,2026-07-17 15:31:00,7,chat,False,
INT-004035,AGT-015,2026-07-17 15:48:00,7,chat,False,
INT-003780,AGT-006,2026-07-17 16:01:00,7,chat,False,
INT-004032,AGT-015,2026-07-17 16:03:00,7,chat,False,
INT-003759,AGT-006,2026-07-17 16:09:00,7,call,False,
INT-004179,AGT-020,2026-07-17 16:10:00,7,chat,False,
INT-004198,AGT-020,2026-07-17 16:16:00,7,call,True,customer_disconnected_first
INT-003938,AGT-012,2026-07-17 16:17:00,7,call,False,
INT-003723,AGT-005,2026-07-17 16:21:00,7,call,False,
INT-003605,AGT-001,2026-07-17 16:31:00,7,call,False,
INT-004108,AGT-017,2026-07-17 16:47:00,7,chat,False,
INT-003914,AGT-011,2026-07-17 16:58:00,7,chat,False,
INT-004159,AGT-019,2026-07-17 17:01:00,7,call,False,
INT-003947,AGT-012,2026-07-17 17:25:00,7,call,False,
INT-004156,AGT-019,2026-07-17 17:31:00,7,call,False,
INT-003915,AGT-011,2026-07-17 17:33:00,7,chat,False,
INT-003985,AGT-013,2026-07-17 17:41:00,7,call,False,
INT-004141,AGT-019,2026-07-17 18:02:00,7,chat,False,
INT-003726,AGT-005,2026-07-17 18:02:00,7,chat,False,
INT-004184,AGT-020,2026-07-17 18:05:00,7,call,False,
INT-003792,AGT-007,2026-07-17 18:19:00,7,call,False,
INT-003618,AGT-001,2026-07-17 18:30:00,7,chat,False,
INT-004005,AGT-014,2026-07-17 18:30:00,7,call,False,
INT-004013,AGT-014,2026-07-17 18:34:00,7,chat,False,
INT-004053,AGT-016,2026-07-17 18:37:00,7,chat,False,
INT-003751,AGT-006,2026-07-17 18:38:00,7,call,False,
INT-003847,AGT-009,2026-07-17 18:53:00,7,chat,False,
INT-003892,AGT-010,2026-07-17 19:02:00,7,call,False,
INT-004020,AGT-014,2026-07-17 19:13:00,7,chat,False,
INT-003976,AGT-013,2026-07-17 19:36:00,7,call,False,
INT-003722,AGT-005,2026-07-17 19:46:00,7,call,False,
INT-003628,AGT-001,2026-07-18 08:02:00,7,chat,False,
INT-003747,AGT-005,2026-07-18 08:12:00,7,call,False,
INT-003713,AGT-004,2026-07-18 08:21:00,7,chat,False,
INT-003689,AGT-003,2026-07-18 08:25:00,7,call,False,
INT-003633,AGT-002,2026-07-18 08:29:00,7,chat,False,
INT-003653,AGT-002,2026-07-18 08:34:00,7,chat,False,
INT-003940,AGT-012,2026-07-18 08:35:00,7,call,False,
INT-004056,AGT-016,2026-07-18 08:35:00,7,chat,False,
INT-003909,AGT-011,2026-07-18 08:39:00,7,chat,False,
INT-004145,AGT-019,2026-07-18 08:41:00,7,chat,False,
INT-004044,AGT-015,2026-07-18 08:48:00,7,chat,False,
INT-003992,AGT-014,2026-07-18 08:51:00,7,chat,False,
INT-004155,AGT-019,2026-07-18 08:52:00,7,call,True,customer_disconnected_first
INT-004040,AGT-015,2026-07-18 08:53:00,7,chat,False,
INT-003781,AGT-007,2026-07-18 09:01:00,7,call,False,
INT-004197,AGT-020,2026-07-18 09:06:00,7,chat,False,
INT-004160,AGT-019,2026-07-18 09:11:00,7,call,True,internet_issue
INT-003666,AGT-003,2026-07-18 09:15:00,7,chat,False,
INT-003852,AGT-009,2026-07-18 09:19:00,7,call,False,
INT-003925,AGT-011,2026-07-18 09:30:00,7,call,False,
INT-003670,AGT-003,2026-07-18 09:39:00,7,chat,False,
INT-004059,AGT-016,2026-07-18 09:45:00,7,chat,False,
INT-003690,AGT-003,2026-07-18 09:50:00,7,chat,False,
INT-004074,AGT-016,2026-07-18 09:52:00,7,call,False,
INT-003624,AGT-001,2026-07-18 10:00:00,7,call,False,
INT-003833,AGT-008,2026-07-18 10:03:00,7,chat,False,
INT-004046,AGT-015,2026-07-18 10:07:00,7,call,False,
INT-003626,AGT-001,2026-07-18 10:10:00,7,chat,False,
INT-004183,AGT-020,2026-07-18 10:11:00,7,call,False,
INT-004021,AGT-015,2026-07-18 10:12:00,7,chat,False,
INT-003854,AGT-009,2026-07-18 10:24:00,7,chat,False,
INT-003889,AGT-010,2026-07-18 10:29:00,7,call,False,
INT-004123,AGT-018,2026-07-18 10:31:00,7,chat,False,
INT-003679,AGT-003,2026-07-18 10:38:00,7,call,False,
INT-003657,AGT-002,2026-07-18 10:40:00,7,call,False,
INT-003858,AGT-009,2026-07-18 10:51:00,7,call,True,customer_disconnected_first
INT-003658,AGT-002,2026-07-18 10:52:00,7,call,False,
INT-004107,AGT-017,2026-07-18 11:08:00,7,chat,False,
INT-003663,AGT-003,2026-07-18 11:09:00,7,chat,False,
INT-004137,AGT-018,2026-07-18 11:13:00,7,call,True,other
INT-003700,AGT-004,2026-07-18 11:19:00,7,call,False,
INT-003808,AGT-007,2026-07-18 11:27:00,7,chat,False,
INT-003959,AGT-012,2026-07-18 11:32:00,7,call,False,
INT-003894,AGT-010,2026-07-18 11:38:00,7,chat,False,
INT-003828,AGT-008,2026-07-18 12:01:00,7,chat,False,
INT-004146,AGT-019,2026-07-18 12:09:00,7,call,False,
INT-003817,AGT-008,2026-07-18 12:11:00,7,chat,False,
INT-003727,AGT-005,2026-07-18 12:11:00,7,chat,False,
INT-003917,AGT-011,2026-07-18 12:36:00,7,chat,False,
INT-004052,AGT-016,2026-07-18 12:51:00,7,call,False,
INT-003796,AGT-007,2026-07-18 12:56:00,7,call,False,
INT-003647,AGT-002,2026-07-18 13:08:00,7,call,False,
INT-003946,AGT-012,2026-07-18 13:25:00,7,chat,False,
INT-003655,AGT-002,2026-07-18 13:31:00,7,call,False,
INT-004110,AGT-017,2026-07-18 14:00:00,7,call,False,
INT-003687,AGT-003,2026-07-18 14:03:00,7,chat,True,internet_issue
INT-003757,AGT-006,2026-07-18 14:06:00,7,call,False,
INT-004175,AGT-020,2026-07-18 14:14:00,7,chat,False,
INT-003855,AGT-009,2026-07-18 14:27:00,7,chat,False,
INT-003857,AGT-009,2026-07-18 14:49:00,7,call,False,
INT-003806,AGT-007,2026-07-18 15:05:00,7,chat,True,power_issue
INT-004089,AGT-017,2026-07-18 15:26:00,7,call,False,
INT-004194,AGT-020,2026-07-18 15:26:00,7,call,False,
INT-004106,AGT-017,2026-07-18 15:27:00,7,chat,False,
INT-003752,AGT-006,2026-07-18 15:38:00,7,call,False,
INT-004000,AGT-014,2026-07-18 16:08:00,7,call,False,
INT-003881,AGT-010,2026-07-18 16:12:00,7,chat,False,
INT-003652,AGT-002,2026-07-18 16:38:00,7,call,False,
INT-004096,AGT-017,2026-07-18 16:46:00,7,chat,False,
INT-004143,AGT-019,2026-07-18 16:48:00,7,chat,False,
INT-004102,AGT-017,2026-07-18 16:49:00,7,call,False,
INT-004151,AGT-019,2026-07-18 16:53:00,7,call,False,
INT-003640,AGT-002,2026-07-18 16:53:00,7,call,False,
INT-003836,AGT-008,2026-07-18 16:55:00,7,chat,False,
INT-004094,AGT-017,2026-07-18 17:00:00,7,chat,False,
INT-003980,AGT-013,2026-07-18 17:16:00,7,chat,False,
INT-003711,AGT-004,2026-07-18 17:22:00,7,chat,False,
INT-004028,AGT-015,2026-07-18 17:30:00,7,chat,False,
INT-003873,AGT-010,2026-07-18 17:33:00,7,chat,False,
INT-003643,AGT-002,2026-07-18 17:43:00,7,call,False,
INT-003642,AGT-002,2026-07-18 17:58:00,7,call,False,
INT-003853,AGT-009,2026-07-18 18:11:00,7,call,False,
INT-003910,AGT-011,2026-07-18 18:13:00,7,call,False,
INT-004045,AGT-015,2026-07-18 18:19:00,7,chat,False,
INT-003913,AGT-011,2026-07-18 18:28:00,7,chat,False,
INT-003703,AGT-004,2026-07-18 18:31:00,7,chat,False,
INT-003606,AGT-001,2026-07-18 18:32:00,7,call,False,
INT-004168,AGT-019,2026-07-18 18:46:00,7,call,False,
INT-004088,AGT-017,2026-07-18 18:56:00,7,chat,False,
INT-004036,AGT-015,2026-07-18 18:56:00,7,chat,False,
INT-003627,AGT-001,2026-07-18 19:33:00,7,chat,False,
INT-003874,AGT-010,2026-07-18 19:34:00,7,call,False,
INT-003898,AGT-010,2026-07-18 19:40:00,7,call,False,
INT-003902,AGT-011,2026-07-19 08:16:00,7,chat,False,
INT-004083,AGT-017,2026-07-19 08:19:00,7,call,False,
INT-003736,AGT-005,2026-07-19 08:28:00,7,chat,False,
INT-003866,AGT-009,2026-07-19 08:41:00,7,call,False,
INT-004068,AGT-016,2026-07-19 08:55:00,7,call,False,
INT-003987,AGT-013,2026-07-19 09:10:00,7,chat,False,
INT-004091,AGT-017,2026-07-19 09:14:00,7,call,False,
INT-003714,AGT-004,2026-07-19 09:15:00,7,call,False,
INT-004014,AGT-014,2026-07-19 09:26:00,7,call,False,
INT-003712,AGT-004,2026-07-19 09:32:00,7,chat,False,
INT-003766,AGT-006,2026-07-19 09:48:00,7,call,False,
INT-003893,AGT-010,2026-07-19 10:10:00,7,call,False,
INT-004007,AGT-014,2026-07-19 10:11:00,7,chat,False,
INT-003950,AGT-012,2026-07-19 10:12:00,7,chat,True,unresolved_handoff
INT-003616,AGT-001,2026-07-19 10:17:00,7,call,False,
INT-003735,AGT-005,2026-07-19 10:24:00,7,chat,False,
INT-003685,AGT-003,2026-07-19 10:28:00,7,chat,False,
INT-004167,AGT-019,2026-07-19 10:32:00,7,call,False,
INT-004064,AGT-016,2026-07-19 10:34:00,7,call,False,
INT-004015,AGT-014,2026-07-19 10:43:00,7,chat,False,
INT-003954,AGT-012,2026-07-19 10:47:00,7,chat,True,power_issue
INT-003603,AGT-001,2026-07-19 10:56:00,7,chat,False,
INT-003876,AGT-010,2026-07-19 10:59:00,7,call,False,
INT-003939,AGT-012,2026-07-19 11:06:00,7,call,False,
INT-003908,AGT-011,2026-07-19 11:20:00,7,call,False,
INT-003958,AGT-012,2026-07-19 11:24:00,7,call,False,
INT-004149,AGT-019,2026-07-19 11:31:00,7,call,False,
INT-003776,AGT-006,2026-07-19 11:35:00,7,call,False,
INT-003764,AGT-006,2026-07-19 11:52:00,7,call,False,
INT-004124,AGT-018,2026-07-19 11:58:00,7,call,False,
INT-003676,AGT-003,2026-07-19 12:02:00,7,chat,False,
INT-003815,AGT-008,2026-07-19 12:11:00,7,chat,False,
INT-004133,AGT-018,2026-07-19 12:14:00,7,call,False,
INT-003645,AGT-002,2026-07-19 12:27:00,7,chat,False,
INT-003803,AGT-007,2026-07-19 12:38:00,7,chat,False,
INT-003863,AGT-009,2026-07-19 12:45:00,7,chat,False,
INT-004039,AGT-015,2026-07-19 13:06:00,7,call,False,
INT-003885,AGT-010,2026-07-19 13:20:00,7,call,False,
INT-003935,AGT-012,2026-07-19 13:24:00,7,chat,False,
INT-004048,AGT-015,2026-07-19 13:25:00,7,call,False,
INT-003692,AGT-004,2026-07-19 13:37:00,7,chat,False,
INT-003844,AGT-009,2026-07-19 13:40:00,7,call,False,
INT-003738,AGT-005,2026-07-19 13:47:00,7,chat,False,
INT-004012,AGT-014,2026-07-19 13:51:00,7,chat,False,
INT-003839,AGT-008,2026-07-19 13:53:00,7,chat,False,
INT-003804,AGT-007,2026-07-19 14:02:00,7,call,False,
INT-004130,AGT-018,2026-07-19 14:03:00,7,chat,False,
INT-003846,AGT-009,2026-07-19 14:05:00,7,call,False,
INT-004070,AGT-016,2026-07-19 14:09:00,7,call,False,
INT-003787,AGT-007,2026-07-19 14:12:00,7,chat,False,
INT-004067,AGT-016,2026-07-19 14:19:00,7,chat,False,
INT-003802,AGT-007,2026-07-19 14:24:00,7,chat,False,
INT-003820,AGT-008,2026-07-19 14:25:00,7,chat,False,
INT-003680,AGT-003,2026-07-19 14:30:00,7,chat,False,
INT-003911,AGT-011,2026-07-19 14:35:00,7,call,False,
INT-004011,AGT-014,2026-07-19 14:42:00,7,chat,False,
INT-003936,AGT-012,2026-07-19 15:04:00,7,chat,True,power_issue
INT-003741,AGT-005,2026-07-19 15:10:00,7,call,False,
INT-004060,AGT-016,2026-07-19 15:50:00,7,call,False,
INT-003607,AGT-001,2026-07-19 15:54:00,7,chat,False,
INT-004043,AGT-015,2026-07-19 16:04:00,7,chat,False,
INT-004085,AGT-017,2026-07-19 16:10:00,7,chat,False,
INT-003672,AGT-003,2026-07-19 16:17:00,7,chat,False,
INT-004136,AGT-018,2026-07-19 16:18:00,7,call,False,
INT-003732,AGT-005,2026-07-19 16:42:00,7,call,False,
INT-003890,AGT-010,2026-07-19 16:54:00,7,call,False,
INT-003875,AGT-010,2026-07-19 16:57:00,7,chat,False,
INT-003654,AGT-002,2026-07-19 17:09:00,7,call,False,
INT-003746,AGT-005,2026-07-19 17:31:00,7,chat,False,
INT-003630,AGT-001,2026-07-19 17:53:00,7,chat,False,
INT-003983,AGT-013,2026-07-19 17:56:00,7,call,False,
INT-003705,AGT-004,2026-07-19 17:59:00,7,chat,False,
INT-003814,AGT-008,2026-07-19 18:00:00,7,chat,False,
INT-003948,AGT-012,2026-07-19 18:03:00,7,call,False,
INT-004098,AGT-017,2026-07-19 18:08:00,7,chat,False,
INT-004050,AGT-015,2026-07-19 18:09:00,7,call,False,
INT-003718,AGT-004,2026-07-19 18:19:00,7,call,False,
INT-003675,AGT-003,2026-07-19 18:34:00,7,call,False,
INT-003750,AGT-005,2026-07-19 18:39:00,7,call,False,
INT-003730,AGT-005,2026-07-19 18:41:00,7,chat,False,
INT-004061,AGT-016,2026-07-19 18:50:00,7,call,True,internet_issue
INT-003779,AGT-006,2026-07-19 19:09:00,7,call,False,
INT-003601,AGT-001,2026-07-19 19:10:00,7,chat,False,
INT-004018,AGT-014,2026-07-19 19:18:00,7,chat,False,
INT-004037,AGT-015,2026-07-19 19:32:00,7,chat,True,customer_disconnected_first
INT-003771,AGT-006,2026-07-19 19:38:00,7,call,False,
INT-003682,AGT-003,2026-07-19 19:55:00,7,chat,False,
INT-004456,AGT-009,2026-07-20 08:03:00,8,chat,False,
INT-004408,AGT-007,2026-07-20 08:18:00,8,chat,False,
INT-004414,AGT-008,2026-07-20 08:22:00,8,chat,False,
INT-004320,AGT-004,2026-07-20 08:26:00,8,chat,False,
INT-004592,AGT-014,2026-07-20 08:31:00,8,chat,True,customer_disconnected_first
INT-004785,AGT-020,2026-07-20 08:36:00,8,call,True,customer_disconnected_first
INT-004357,AGT-006,2026-07-20 08:38:00,8,chat,False,
INT-004284,AGT-003,2026-07-20 09:17:00,8,chat,False,
INT-004671,AGT-016,2026-07-20 09:20:00,8,call,False,
INT-004769,AGT-019,2026-07-20 09:52:00,8,chat,False,
INT-004438,AGT-008,2026-07-20 10:09:00,8,chat,False,
INT-004359,AGT-006,2026-07-20 10:11:00,8,call,False,
INT-004450,AGT-009,2026-07-20 10:12:00,8,call,True,unresolved_handoff
INT-004561,AGT-013,2026-07-20 10:13:00,8,chat,False,
INT-004759,AGT-019,2026-07-20 10:38:00,8,chat,False,
INT-004425,AGT-008,2026-07-20 10:46:00,8,chat,True,other
INT-004333,AGT-005,2026-07-20 10:52:00,8,call,False,
INT-004515,AGT-011,2026-07-20 11:11:00,8,chat,False,
INT-004207,AGT-001,2026-07-20 11:20:00,8,call,False,
INT-004319,AGT-004,2026-07-20 11:20:00,8,chat,False,
INT-004766,AGT-019,2026-07-20 11:20:00,8,chat,False,
INT-004214,AGT-001,2026-07-20 11:22:00,8,call,False,
INT-004273,AGT-003,2026-07-20 11:38:00,8,chat,False,
INT-004489,AGT-010,2026-07-20 11:43:00,8,chat,False,
INT-004586,AGT-013,2026-07-20 11:46:00,8,chat,False,
INT-004740,AGT-018,2026-07-20 11:57:00,8,chat,False,
INT-004572,AGT-013,2026-07-20 12:10:00,8,call,False,
INT-004602,AGT-014,2026-07-20 12:16:00,8,chat,False,
INT-004635,AGT-015,2026-07-20 12:17:00,8,call,False,
INT-004564,AGT-013,2026-07-20 12:20:00,8,chat,False,
INT-004291,AGT-004,2026-07-20 12:39:00,8,call,False,
INT-004441,AGT-009,2026-07-20 12:46:00,8,call,False,
INT-004579,AGT-013,2026-07-20 12:59:00,8,call,False,
INT-004209,AGT-001,2026-07-20 13:13:00,8,chat,False,
INT-004793,AGT-020,2026-07-20 13:21:00,8,chat,False,
INT-004628,AGT-015,2026-07-20 13:36:00,8,chat,True,customer_disconnected_first
INT-004774,AGT-020,2026-07-20 13:38:00,8,call,False,
INT-004747,AGT-019,2026-07-20 13:40:00,8,chat,False,
INT-004283,AGT-003,2026-07-20 13:41:00,8,call,False,
INT-004253,AGT-002,2026-07-20 13:43:00,8,chat,False,
INT-004678,AGT-016,2026-07-20 13:56:00,8,chat,False,
INT-004739,AGT-018,2026-07-20 14:01:00,8,chat,False,
INT-004507,AGT-011,2026-07-20 14:08:00,8,chat,False,
INT-004399,AGT-007,2026-07-20 14:32:00,8,call,False,
INT-004517,AGT-011,2026-07-20 14:34:00,8,chat,False,
INT-004490,AGT-010,2026-07-20 14:41:00,8,chat,True,power_issue
INT-004270,AGT-003,2026-07-20 14:45:00,8,call,False,
INT-004530,AGT-011,2026-07-20 14:57:00,8,call,False,
INT-004478,AGT-010,2026-07-20 15:06:00,8,call,False,
INT-004723,AGT-018,2026-07-20 15:17:00,8,chat,True,power_issue
INT-004503,AGT-011,2026-07-20 15:30:00,8,chat,False,
INT-004749,AGT-019,2026-07-20 15:37:00,8,call,False,
INT-004722,AGT-018,2026-07-20 15:40:00,8,chat,False,
INT-004282,AGT-003,2026-07-20 15:44:00,8,call,False,
INT-004663,AGT-016,2026-07-20 15:51:00,8,call,True,power_issue
INT-004251,AGT-002,2026-07-20 15:53:00,8,call,False,
INT-004469,AGT-009,2026-07-20 15:59:00,8,chat,False,
INT-004636,AGT-015,2026-07-20 16:03:00,8,call,False,
INT-004262,AGT-003,2026-07-20 16:08:00,8,call,False,
INT-004339,AGT-005,2026-07-20 16:12:00,8,call,False,
INT-004360,AGT-006,2026-07-20 16:28:00,8,call,False,
INT-004715,AGT-018,2026-07-20 16:29:00,8,chat,False,
INT-004701,AGT-017,2026-07-20 16:47:00,8,chat,False,
INT-004363,AGT-006,2026-07-20 16:55:00,8,call,False,
INT-004229,AGT-001,2026-07-20 16:55:00,8,chat,False,
INT-004780,AGT-020,2026-07-20 17:09:00,8,chat,False,
INT-004495,AGT-010,2026-07-20 17:14:00,8,chat,False,
INT-004458,AGT-009,2026-07-20 17:22:00,8,call,False,
INT-004601,AGT-014,2026-07-20 17:24:00,8,chat,False,
INT-004603,AGT-014,2026-07-20 17:33:00,8,call,False,
INT-004706,AGT-017,2026-07-20 17:55:00,8,chat,False,
INT-004378,AGT-006,2026-07-20 17:58:00,8,chat,False,
INT-004397,AGT-007,2026-07-20 18:17:00,8,call,True,internet_issue
INT-004335,AGT-005,2026-07-20 18:24:00,8,call,False,
INT-004651,AGT-016,2026-07-20 18:28:00,8,call,False,
INT-004224,AGT-001,2026-07-20 18:46:00,8,call,False,
INT-004597,AGT-014,2026-07-20 19:14:00,8,chat,False,
INT-004758,AGT-019,2026-07-20 19:19:00,8,chat,False,
INT-004528,AGT-011,2026-07-20 19:36:00,8,chat,False,
INT-004416,AGT-008,2026-07-20 19:59:00,8,chat,False,
INT-004379,AGT-006,2026-07-21 08:08:00,8,call,False,
INT-004633,AGT-015,2026-07-21 08:35:00,8,chat,False,
INT-004772,AGT-020,2026-07-21 08:38:00,8,call,False,
INT-004424,AGT-008,2026-07-21 08:58:00,8,call,False,
INT-004485,AGT-010,2026-07-21 09:17:00,8,chat,False,
INT-004394,AGT-007,2026-07-21 09:23:00,8,chat,False,
INT-004718,AGT-018,2026-07-21 09:31:00,8,chat,False,
INT-004272,AGT-003,2026-07-21 09:35:00,8,chat,True,power_issue
INT-004510,AGT-011,2026-07-21 09:36:00,8,call,False,
INT-004685,AGT-017,2026-07-21 09:40:00,8,call,False,
INT-004581,AGT-013,2026-07-21 09:41:00,8,call,False,
INT-004276,AGT-003,2026-07-21 09:42:00,8,chat,False,
INT-004728,AGT-018,2026-07-21 09:43:00,8,chat,False,
INT-004324,AGT-005,2026-07-21 10:16:00,8,call,False,
INT-004520,AGT-011,2026-07-21 10:17:00,8,chat,False,
INT-004631,AGT-015,2026-07-21 10:28:00,8,call,False,
INT-004717,AGT-018,2026-07-21 10:30:00,8,call,False,
INT-004203,AGT-001,2026-07-21 10:43:00,8,chat,False,
INT-004298,AGT-004,2026-07-21 10:53:00,8,chat,False,
INT-004238,AGT-002,2026-07-21 10:53:00,8,call,True,customer_disconnected_first
INT-004698,AGT-017,2026-07-21 10:54:00,8,chat,False,
INT-004374,AGT-006,2026-07-21 11:02:00,8,chat,False,
INT-004795,AGT-020,2026-07-21 11:05:00,8,chat,False,
INT-004619,AGT-014,2026-07-21 11:09:00,8,chat,False,
INT-004407,AGT-007,2026-07-21 11:55:00,8,call,False,
INT-004708,AGT-017,2026-07-21 11:55:00,8,call,False,
INT-004451,AGT-009,2026-07-21 11:58:00,8,call,False,
INT-004373,AGT-006,2026-07-21 12:01:00,8,chat,False,
INT-004417,AGT-008,2026-07-21 12:20:00,8,call,False,
INT-004594,AGT-014,2026-07-21 12:20:00,8,chat,False,
INT-004512,AGT-011,2026-07-21 12:23:00,8,call,False,
INT-004649,AGT-015,2026-07-21 12:25:00,8,chat,False,
INT-004313,AGT-004,2026-07-21 12:37:00,8,call,False,
INT-004770,AGT-019,2026-07-21 12:49:00,8,call,False,
INT-004268,AGT-003,2026-07-21 12:49:00,8,chat,False,
INT-004644,AGT-015,2026-07-21 12:54:00,8,chat,False,
INT-004413,AGT-008,2026-07-21 12:59:00,8,chat,False,
INT-004742,AGT-019,2026-07-21 13:08:00,8,call,False,
INT-004368,AGT-006,2026-07-21 13:12:00,8,call,False,
INT-004427,AGT-008,2026-07-21 13:14:00,8,chat,False,
INT-004231,AGT-002,2026-07-21 13:18:00,8,chat,False,
INT-004354,AGT-006,2026-07-21 13:36:00,8,call,False,
INT-004657,AGT-016,2026-07-21 13:55:00,8,chat,False,
INT-004753,AGT-019,2026-07-21 14:25:00,8,chat,False,
INT-004210,AGT-001,2026-07-21 14:34:00,8,call,False,
INT-004420,AGT-008,2026-07-21 14:47:00,8,call,False,
INT-004797,AGT-020,2026-07-21 14:51:00,8,chat,False,
INT-004461,AGT-009,2026-07-21 15:16:00,8,call,False,
INT-004278,AGT-003,2026-07-21 15:17:00,8,chat,False,
INT-004418,AGT-008,2026-07-21 15:42:00,8,chat,False,
INT-004688,AGT-017,2026-07-21 16:03:00,8,call,True,power_issue
INT-004403,AGT-007,2026-07-21 16:04:00,8,chat,False,
INT-004531,AGT-012,2026-07-21 16:18:00,8,chat,False,
INT-004277,AGT-003,2026-07-21 16:21:00,8,chat,False,
INT-004256,AGT-002,2026-07-21 16:26:00,8,call,False,
INT-004598,AGT-014,2026-07-21 16:38:00,8,call,False,
INT-004760,AGT-019,2026-07-21 16:40:00,8,call,False,
INT-004590,AGT-013,2026-07-21 16:50:00,8,chat,False,
INT-004343,AGT-005,2026-07-21 16:52:00,8,chat,False,
INT-004647,AGT-015,2026-07-21 16:59:00,8,chat,False,
INT-004509,AGT-011,2026-07-21 17:08:00,8,call,False,
INT-004216,AGT-001,2026-07-21 17:10:00,8,chat,False,
INT-004617,AGT-014,2026-07-21 17:20:00,8,chat,False,
INT-004352,AGT-006,2026-07-21 17:25:00,8,chat,False,
INT-004395,AGT-007,2026-07-21 17:25:00,8,call,False,
INT-004243,AGT-002,2026-07-21 17:27:00,8,chat,False,
INT-004411,AGT-008,2026-07-21 17:29:00,8,call,False,
INT-004589,AGT-013,2026-07-21 17:30:00,8,call,False,
INT-004610,AGT-014,2026-07-21 18:09:00,8,call,False,
INT-004375,AGT-006,2026-07-21 18:24:00,8,call,False,
INT-004356,AGT-006,2026-07-21 18:31:00,8,chat,False,
INT-004712,AGT-018,2026-07-21 18:42:00,8,call,False,
INT-004483,AGT-010,2026-07-21 19:30:00,8,chat,True,unresolved_handoff
INT-004321,AGT-005,2026-07-21 19:39:00,8,chat,False,
INT-004655,AGT-016,2026-07-21 19:48:00,8,call,False,
INT-004434,AGT-008,2026-07-21 19:51:00,8,call,False,
INT-004322,AGT-005,2026-07-21 19:57:00,8,chat,False,
INT-004431,AGT-008,2026-07-21 19:57:00,8,call,False,
INT-004674,AGT-016,2026-07-21 19:57:00,8,chat,False,
INT-004406,AGT-007,2026-07-21 19:59:00,8,call,False,
INT-004218,AGT-001,2026-07-22 08:41:00,8,call,False,
INT-004696,AGT-017,2026-07-22 08:59:00,8,chat,False,
INT-004340,AGT-005,2026-07-22 09:08:00,8,call,False,
INT-004482,AGT-010,2026-07-22 09:18:00,8,chat,False,
INT-004346,AGT-005,2026-07-22 09:36:00,8,call,True,customer_disconnected_first
INT-004306,AGT-004,2026-07-22 09:37:00,8,call,False,
INT-004455,AGT-009,2026-07-22 09:39:00,8,call,False,
INT-004492,AGT-010,2026-07-22 09:42:00,8,chat,False,
INT-004242,AGT-002,2026-07-22 09:52:00,8,chat,False,
INT-004574,AGT-013,2026-07-22 09:55:00,8,call,False,
INT-004443,AGT-009,2026-07-22 09:56:00,8,chat,False,
INT-004526,AGT-011,2026-07-22 09:56:00,8,chat,False,
INT-004235,AGT-002,2026-07-22 10:09:00,8,chat,False,
INT-004345,AGT-005,2026-07-22 10:16:00,8,call,False,
INT-004487,AGT-010,2026-07-22 10:35:00,8,chat,False,
INT-004727,AGT-018,2026-07-22 10:38:00,8,call,False,
INT-004377,AGT-006,2026-07-22 10:48:00,8,chat,False,
INT-004505,AGT-011,2026-07-22 10:49:00,8,call,False,
INT-004362,AGT-006,2026-07-22 10:55:00,8,chat,False,
INT-004569,AGT-013,2026-07-22 11:00:00,8,chat,False,
INT-004567,AGT-013,2026-07-22 11:06:00,8,chat,False,
INT-004477,AGT-010,2026-07-22 11:17:00,8,chat,False,
INT-004391,AGT-007,2026-07-22 11:31:00,8,call,True,customer_disconnected_first
INT-004625,AGT-015,2026-07-22 11:33:00,8,chat,False,
INT-004233,AGT-002,2026-07-22 11:50:00,8,call,False,
INT-004593,AGT-014,2026-07-22 11:53:00,8,call,False,
INT-004498,AGT-010,2026-07-22 12:04:00,8,call,False,
INT-004219,AGT-001,2026-07-22 12:05:00,8,chat,False,
INT-004573,AGT-013,2026-07-22 12:14:00,8,call,False,
INT-004756,AGT-019,2026-07-22 12:36:00,8,chat,False,
INT-004227,AGT-001,2026-07-22 12:51:00,8,chat,False,
INT-004667,AGT-016,2026-07-22 12:54:00,8,call,True,unresolved_handoff
INT-004367,AGT-006,2026-07-22 13:07:00,8,call,False,
INT-004554,AGT-012,2026-07-22 13:16:00,8,chat,False,
INT-004337,AGT-005,2026-07-22 13:17:00,8,call,False,
INT-004583,AGT-013,2026-07-22 13:17:00,8,call,False,
INT-004799,AGT-020,2026-07-22 13:25:00,8,chat,False,
INT-004775,AGT-020,2026-07-22 13:35:00,8,chat,False,
INT-004353,AGT-006,2026-07-22 13:37:00,8,call,True,customer_disconnected_first
INT-004771,AGT-020,2026-07-22 13:39:00,8,chat,False,
INT-004206,AGT-001,2026-07-22 13:40:00,8,chat,False,
INT-004516,AGT-011,2026-07-22 13:41:00,8,call,False,
INT-004475,AGT-010,2026-07-22 13:46:00,8,call,False,
INT-004600,AGT-014,2026-07-22 14:01:00,8,call,False,
INT-004508,AGT-011,2026-07-22 14:12:00,8,chat,False,
INT-004648,AGT-015,2026-07-22 14:21:00,8,call,False,
INT-004584,AGT-013,2026-07-22 14:22:00,8,chat,False,
INT-004614,AGT-014,2026-07-22 14:48:00,8,call,False,
INT-004448,AGT-009,2026-07-22 14:52:00,8,chat,False,
INT-004415,AGT-008,2026-07-22 14:52:00,8,chat,False,
INT-004562,AGT-013,2026-07-22 14:59:00,8,call,False,
INT-004446,AGT-009,2026-07-22 15:02:00,8,chat,False,
INT-004384,AGT-007,2026-07-22 15:03:00,8,call,False,
INT-004557,AGT-012,2026-07-22 15:10:00,8,chat,False,
INT-004642,AGT-015,2026-07-22 15:12:00,8,chat,False,
INT-004650,AGT-015,2026-07-22 15:16:00,8,chat,False,
INT-004658,AGT-016,2026-07-22 15:20:00,8,chat,False,
INT-004299,AGT-004,2026-07-22 15:36:00,8,chat,False,
INT-004430,AGT-008,2026-07-22 15:36:00,8,chat,False,
INT-004680,AGT-016,2026-07-22 15:46:00,8,chat,False,
INT-004540,AGT-012,2026-07-22 15:49:00,8,call,False,
INT-004480,AGT-010,2026-07-22 15:49:00,8,chat,False,
INT-004724,AGT-018,2026-07-22 15:52:00,8,call,False,
INT-004437,AGT-008,2026-07-22 16:02:00,8,call,False,
INT-004746,AGT-019,2026-07-22 16:08:00,8,call,False,
INT-004686,AGT-017,2026-07-22 16:13:00,8,chat,False,
INT-004549,AGT-012,2026-07-22 16:16:00,8,chat,False,
INT-004500,AGT-010,2026-07-22 16:20:00,8,chat,False,
INT-004713,AGT-018,2026-07-22 16:24:00,8,call,False,
INT-004493,AGT-010,2026-07-22 16:47:00,8,chat,False,
INT-004518,AGT-011,2026-07-22 16:54:00,8,call,False,
INT-004606,AGT-014,2026-07-22 16:58:00,8,chat,False,
INT-004555,AGT-012,2026-07-22 16:58:00,8,call,True,unresolved_handoff
INT-004281,AGT-003,2026-07-22 17:07:00,8,call,False,
INT-004245,AGT-002,2026-07-22 17:11:00,8,call,False,
INT-004342,AGT-005,2026-07-22 17:13:00,8,chat,False,
INT-004396,AGT-007,2026-07-22 17:19:00,8,chat,False,
INT-004511,AGT-011,2026-07-22 17:41:00,8,call,False,
INT-004541,AGT-012,2026-07-22 17:56:00,8,call,False,
INT-004504,AGT-011,2026-07-22 17:57:00,8,call,False,
INT-004596,AGT-014,2026-07-22 18:24:00,8,call,False,
INT-004263,AGT-003,2026-07-22 18:28:00,8,call,False,
INT-004571,AGT-013,2026-07-22 18:28:00,8,chat,False,
INT-004436,AGT-008,2026-07-22 18:30:00,8,call,False,
INT-004556,AGT-012,2026-07-22 18:39:00,8,chat,False,
INT-004228,AGT-001,2026-07-22 18:40:00,8,chat,False,
INT-004604,AGT-014,2026-07-22 18:55:00,8,call,False,
INT-004429,AGT-008,2026-07-22 19:26:00,8,call,False,
INT-004576,AGT-013,2026-07-22 19:27:00,8,chat,False,
INT-004347,AGT-005,2026-07-22 19:31:00,8,call,False,
INT-004654,AGT-016,2026-07-22 19:32:00,8,call,False,
INT-004447,AGT-009,2026-07-22 19:34:00,8,call,False,
INT-004779,AGT-020,2026-07-22 19:50:00,8,call,False,
INT-004637,AGT-015,2026-07-23 08:02:00,8,chat,False,
INT-004613,AGT-014,2026-07-23 08:04:00,8,call,False,
INT-004709,AGT-017,2026-07-23 08:08:00,8,call,False,
INT-004550,AGT-012,2026-07-23 08:08:00,8,chat,False,
INT-004310,AGT-004,2026-07-23 08:30:00,8,call,False,
INT-004702,AGT-017,2026-07-23 08:32:00,8,chat,False,
INT-004585,AGT-013,2026-07-23 08:37:00,8,call,False,
INT-004285,AGT-003,2026-07-23 09:02:00,8,call,False,
INT-004405,AGT-007,2026-07-23 09:09:00,8,call,True,unresolved_handoff
INT-004757,AGT-019,2026-07-23 09:10:00,8,chat,False,
INT-004615,AGT-014,2026-07-23 09:15:00,8,call,False,
INT-004664,AGT-016,2026-07-23 09:24:00,8,call,False,
INT-004781,AGT-020,2026-07-23 09:46:00,8,chat,False,
INT-004386,AGT-007,2026-07-23 09:48:00,8,call,False,
INT-004536,AGT-012,2026-07-23 10:00:00,8,call,False,
INT-004331,AGT-005,2026-07-23 10:00:00,8,call,False,
INT-004435,AGT-008,2026-07-23 10:02:00,8,call,False,
INT-004222,AGT-001,2026-07-23 10:07:00,8,call,False,
INT-004691,AGT-017,2026-07-23 10:11:00,8,chat,False,
INT-004703,AGT-017,2026-07-23 10:37:00,8,call,False,
INT-004640,AGT-015,2026-07-23 10:43:00,8,call,False,
INT-004454,AGT-009,2026-07-23 10:58:00,8,call,False,
INT-004491,AGT-010,2026-07-23 11:04:00,8,chat,False,
INT-004474,AGT-010,2026-07-23 11:09:00,8,chat,False,
INT-004627,AGT-015,2026-07-23 11:15:00,8,chat,False,
INT-004673,AGT-016,2026-07-23 11:30:00,8,chat,False,
INT-004534,AGT-012,2026-07-23 11:35:00,8,chat,False,
INT-004445,AGT-009,2026-07-23 11:45:00,8,chat,False,
INT-004358,AGT-006,2026-07-23 12:06:00,8,chat,False,
INT-004226,AGT-001,2026-07-23 12:09:00,8,call,False,
INT-004560,AGT-012,2026-07-23 12:15:00,8,chat,False,
INT-004786,AGT-020,2026-07-23 12:25:00,8,chat,False,
INT-004279,AGT-003,2026-07-23 12:27:00,8,call,False,
INT-004259,AGT-002,2026-07-23 12:27:00,8,chat,False,
INT-004423,AGT-008,2026-07-23 12:33:00,8,chat,False,
INT-004575,AGT-013,2026-07-23 12:33:00,8,call,False,
INT-004314,AGT-004,2026-07-23 12:40:00,8,call,False,
INT-004521,AGT-011,2026-07-23 12:48:00,8,call,False,
INT-004338,AGT-005,2026-07-23 12:59:00,8,call,False,
INT-004419,AGT-008,2026-07-23 13:13:00,8,chat,False,
INT-004591,AGT-014,2026-07-23 13:27:00,8,call,False,
INT-004529,AGT-011,2026-07-23 13:40:00,8,chat,False,
INT-004433,AGT-008,2026-07-23 13:58:00,8,call,False,
INT-004473,AGT-010,2026-07-23 14:33:00,8,chat,False,
INT-004620,AGT-014,2026-07-23 14:37:00,8,chat,False,
INT-004523,AGT-011,2026-07-23 14:56:00,8,call,False,
INT-004611,AGT-014,2026-07-23 14:58:00,8,call,False,
INT-004376,AGT-006,2026-07-23 15:09:00,8,call,False,
INT-004304,AGT-004,2026-07-23 15:19:00,8,chat,False,
INT-004745,AGT-019,2026-07-23 15:27:00,8,chat,False,
INT-004726,AGT-018,2026-07-23 15:37:00,8,chat,False,
INT-004607,AGT-014,2026-07-23 15:38:00,8,chat,False,
INT-004326,AGT-005,2026-07-23 15:48:00,8,chat,False,
INT-004421,AGT-008,2026-07-23 15:53:00,8,call,False,
INT-004470,AGT-009,2026-07-23 15:54:00,8,chat,False,
INT-004544,AGT-012,2026-07-23 16:04:00,8,call,False,
INT-004312,AGT-004,2026-07-23 16:10:00,8,call,False,
INT-004621,AGT-015,2026-07-23 16:11:00,8,chat,False,
INT-004765,AGT-019,2026-07-23 16:13:00,8,call,False,
INT-004577,AGT-013,2026-07-23 16:27:00,8,chat,False,
INT-004330,AGT-005,2026-07-23 16:28:00,8,call,False,
INT-004370,AGT-006,2026-07-23 16:35:00,8,chat,False,
INT-004484,AGT-010,2026-07-23 16:45:00,8,chat,False,
INT-004258,AGT-002,2026-07-23 16:54:00,8,call,False,
INT-004271,AGT-003,2026-07-23 17:07:00,8,call,False,
INT-004385,AGT-007,2026-07-23 17:09:00,8,chat,False,
INT-004533,AGT-012,2026-07-23 17:26:00,8,call,False,
INT-004440,AGT-008,2026-07-23 17:29:00,8,call,False,
INT-004208,AGT-001,2026-07-23 17:49:00,8,call,False,
INT-004618,AGT-014,2026-07-23 18:15:00,8,chat,False,
INT-004519,AGT-011,2026-07-23 18:25:00,8,chat,False,
INT-004309,AGT-004,2026-07-23 18:33:00,8,call,False,
INT-004790,AGT-020,2026-07-23 18:52:00,8,call,False,
INT-004599,AGT-014,2026-07-23 19:02:00,8,call,False,
INT-004778,AGT-020,2026-07-23 19:28:00,8,chat,False,
INT-004547,AGT-012,2026-07-23 19:47:00,8,chat,False,
INT-004369,AGT-006,2026-07-23 19:49:00,8,call,False,
INT-004595,AGT-014,2026-07-23 19:49:00,8,call,False,
INT-004280,AGT-003,2026-07-24 08:03:00,8,call,False,
INT-004237,AGT-002,2026-07-24 08:30:00,8,call,False,
INT-004656,AGT-016,2026-07-24 08:41:00,8,call,False,
INT-004350,AGT-005,2026-07-24 08:45:00,8,chat,False,
INT-004383,AGT-007,2026-07-24 08:56:00,8,call,False,
INT-004372,AGT-006,2026-07-24 09:08:00,8,chat,False,
INT-004676,AGT-016,2026-07-24 09:12:00,8,call,False,
INT-004305,AGT-004,2026-07-24 09:22:00,8,chat,False,
INT-004329,AGT-005,2026-07-24 09:33:00,8,call,False,
INT-004457,AGT-009,2026-07-24 09:36:00,8,chat,False,
INT-004684,AGT-017,2026-07-24 09:45:00,8,call,False,
INT-004264,AGT-003,2026-07-24 09:45:00,8,call,True,power_issue
INT-004328,AGT-005,2026-07-24 10:00:00,8,chat,False,
INT-004288,AGT-003,2026-07-24 10:06:00,8,chat,False,
INT-004551,AGT-012,2026-07-24 10:06:00,8,chat,True,internet_issue
INT-004800,AGT-020,2026-07-24 10:08:00,8,call,False,
INT-004788,AGT-020,2026-07-24 10:10:00,8,chat,False,
INT-004361,AGT-006,2026-07-24 10:19:00,8,chat,False,
INT-004630,AGT-015,2026-07-24 10:23:00,8,chat,False,
INT-004260,AGT-002,2026-07-24 10:31:00,8,chat,False,
INT-004725,AGT-018,2026-07-24 10:31:00,8,chat,False,
INT-004542,AGT-012,2026-07-24 10:36:00,8,chat,False,
INT-004707,AGT-017,2026-07-24 10:37:00,8,call,False,
INT-004289,AGT-003,2026-07-24 10:45:00,8,call,True,customer_disconnected_first
INT-004514,AGT-011,2026-07-24 10:57:00,8,call,False,
INT-004645,AGT-015,2026-07-24 10:59:00,8,chat,False,
INT-004496,AGT-010,2026-07-24 11:02:00,8,chat,False,
INT-004449,AGT-009,2026-07-24 11:14:00,8,chat,False,
INT-004380,AGT-006,2026-07-24 11:17:00,8,chat,False,
INT-004634,AGT-015,2026-07-24 11:18:00,8,chat,False,
INT-004246,AGT-002,2026-07-24 11:29:00,8,call,True,customer_disconnected_first
INT-004737,AGT-018,2026-07-24 11:30:00,8,chat,False,
INT-004506,AGT-011,2026-07-24 11:43:00,8,call,False,
INT-004553,AGT-012,2026-07-24 11:46:00,8,call,False,
INT-004371,AGT-006,2026-07-24 11:52:00,8,call,False,
INT-004741,AGT-019,2026-07-24 11:56:00,8,call,False,
INT-004522,AGT-011,2026-07-24 12:04:00,8,chat,False,
INT-004692,AGT-017,2026-07-24 12:14:00,8,chat,False,
INT-004559,AGT-012,2026-07-24 12:54:00,8,call,False,
INT-004479,AGT-010,2026-07-24 12:54:00,8,chat,False,
INT-004287,AGT-003,2026-07-24 13:09:00,8,chat,False,
INT-004476,AGT-010,2026-07-24 13:12:00,8,chat,False,
INT-004580,AGT-013,2026-07-24 13:23:00,8,chat,False,
INT-004710,AGT-017,2026-07-24 13:28:00,8,chat,False,
INT-004682,AGT-017,2026-07-24 13:41:00,8,call,False,
INT-004711,AGT-018,2026-07-24 13:46:00,8,chat,False,
INT-004463,AGT-009,2026-07-24 14:01:00,8,call,False,
INT-004266,AGT-003,2026-07-24 14:07:00,8,chat,False,
INT-004763,AGT-019,2026-07-24 14:08:00,8,call,False,
INT-004659,AGT-016,2026-07-24 14:11:00,8,chat,False,
INT-004468,AGT-009,2026-07-24 14:22:00,8,call,False,
INT-004750,AGT-019,2026-07-24 14:35:00,8,chat,False,
INT-004669,AGT-016,2026-07-24 14:52:00,8,call,False,
INT-004789,AGT-020,2026-07-24 14:58:00,8,chat,True,customer_disconnected_first
INT-004632,AGT-015,2026-07-24 15:21:00,8,chat,True,power_issue
INT-004205,AGT-001,2026-07-24 15:30:00,8,chat,False,
INT-004349,AGT-005,2026-07-24 15:39:00,8,call,False,
INT-004464,AGT-009,2026-07-24 16:05:00,8,chat,False,
INT-004700,AGT-017,2026-07-24 16:36:00,8,chat,False,
INT-004217,AGT-001,2026-07-24 16:52:00,8,chat,False,
INT-004683,AGT-017,2026-07-24 16:58:00,8,call,False,
INT-004609,AGT-014,2026-07-24 17:14:00,8,chat,False,
INT-004748,AGT-019,2026-07-24 17:14:00,8,chat,False,
INT-004467,AGT-009,2026-07-24 17:23:00,8,chat,False,
INT-004720,AGT-018,2026-07-24 17:27:00,8,call,False,
INT-004670,AGT-016,2026-07-24 17:31:00,8,call,False,
INT-004323,AGT-005,2026-07-24 17:35:00,8,chat,False,
INT-004558,AGT-012,2026-07-24 17:43:00,8,chat,False,
INT-004783,AGT-020,2026-07-24 17:55:00,8,call,False,
INT-004296,AGT-004,2026-07-24 18:03:00,8,chat,False,
INT-004732,AGT-018,2026-07-24 18:09:00,8,call,False,
INT-004410,AGT-007,2026-07-24 18:15:00,8,chat,True,power_issue
INT-004513,AGT-011,2026-07-24 18:21:00,8,chat,False,
INT-004543,AGT-012,2026-07-24 18:33:00,8,chat,False,
INT-004317,AGT-004,2026-07-24 18:40:00,8,call,False,
INT-004486,AGT-010,2026-07-24 18:40:00,8,call,False,
INT-004566,AGT-013,2026-07-24 18:47:00,8,call,False,
INT-004351,AGT-006,2026-07-24 18:49:00,8,call,False,
INT-004201,AGT-001,2026-07-24 18:53:00,8,call,False,
INT-004738,AGT-018,2026-07-24 19:01:00,8,chat,False,
INT-004784,AGT-020,2026-07-24 19:06:00,8,chat,False,
INT-004308,AGT-004,2026-07-24 19:09:00,8,chat,False,
INT-004334,AGT-005,2026-07-24 19:13:00,8,chat,False,
INT-004442,AGT-009,2026-07-24 19:18:00,8,call,False,
INT-004244,AGT-002,2026-07-24 19:20:00,8,call,False,
INT-004241,AGT-002,2026-07-24 19:22:00,8,chat,False,
INT-004588,AGT-013,2026-07-24 19:30:00,8,chat,False,
INT-004730,AGT-018,2026-07-24 19:34:00,8,chat,False,
INT-004798,AGT-020,2026-07-24 19:49:00,8,chat,False,
INT-004527,AGT-011,2026-07-25 08:17:00,8,chat,False,
INT-004754,AGT-019,2026-07-25 08:20:00,8,call,False,
INT-004736,AGT-018,2026-07-25 08:25:00,8,chat,False,
INT-004638,AGT-015,2026-07-25 08:48:00,8,call,False,
INT-004761,AGT-019,2026-07-25 08:50:00,8,chat,False,
INT-004220,AGT-001,2026-07-25 08:51:00,8,call,False,
INT-004274,AGT-003,2026-07-25 08:51:00,8,call,False,
INT-004652,AGT-016,2026-07-25 09:07:00,8,chat,False,
INT-004400,AGT-007,2026-07-25 09:36:00,8,chat,True,internet_issue
INT-004341,AGT-005,2026-07-25 09:54:00,8,chat,False,
INT-004239,AGT-002,2026-07-25 09:55:00,8,call,True,customer_disconnected_first
INT-004381,AGT-007,2026-07-25 10:07:00,8,chat,False,
INT-004699,AGT-017,2026-07-25 10:13:00,8,chat,False,
INT-004382,AGT-007,2026-07-25 10:40:00,8,chat,False,
INT-004472,AGT-010,2026-07-25 10:41:00,8,chat,False,
INT-004225,AGT-001,2026-07-25 10:44:00,8,call,False,
INT-004677,AGT-016,2026-07-25 11:09:00,8,chat,False,
INT-004290,AGT-003,2026-07-25 11:14:00,8,chat,False,
INT-004452,AGT-009,2026-07-25 11:19:00,8,call,False,
INT-004666,AGT-016,2026-07-25 11:35:00,8,call,False,
INT-004734,AGT-018,2026-07-25 11:44:00,8,call,False,
INT-004714,AGT-018,2026-07-25 11:47:00,8,call,False,
INT-004294,AGT-004,2026-07-25 11:48:00,8,call,False,
INT-004687,AGT-017,2026-07-25 11:49:00,8,chat,False,
INT-004247,AGT-002,2026-07-25 12:04:00,8,chat,False,
INT-004501,AGT-011,2026-07-25 12:06:00,8,chat,False,
INT-004481,AGT-010,2026-07-25 12:14:00,8,call,False,
INT-004694,AGT-017,2026-07-25 12:15:00,8,chat,False,
INT-004525,AGT-011,2026-07-25 12:22:00,8,chat,True,unresolved_handoff
INT-004796,AGT-020,2026-07-25 12:33:00,8,chat,False,
INT-004488,AGT-010,2026-07-25 12:37:00,8,call,False,
INT-004275,AGT-003,2026-07-25 12:39:00,8,call,False,
INT-004552,AGT-012,2026-07-25 12:59:00,8,call,False,
INT-004578,AGT-013,2026-07-25 13:02:00,8,chat,False,
INT-004570,AGT-013,2026-07-25 13:08:00,8,call,False,
INT-004221,AGT-001,2026-07-25 13:09:00,8,call,False,
INT-004538,AGT-012,2026-07-25 13:12:00,8,chat,False,
INT-004325,AGT-005,2026-07-25 13:20:00,8,call,False,
INT-004297,AGT-004,2026-07-25 13:39:00,8,call,False,
INT-004693,AGT-017,2026-07-25 13:42:00,8,call,False,
INT-004303,AGT-004,2026-07-25 13:43:00,8,chat,False,
INT-004768,AGT-019,2026-07-25 13:50:00,8,chat,False,
INT-004232,AGT-002,2026-07-25 13:57:00,8,chat,False,
INT-004422,AGT-008,2026-07-25 13:59:00,8,call,False,
INT-004301,AGT-004,2026-07-25 14:03:00,8,call,False,
INT-004211,AGT-001,2026-07-25 14:12:00,8,call,False,
INT-004213,AGT-001,2026-07-25 14:13:00,8,chat,False,
INT-004494,AGT-010,2026-07-25 14:29:00,8,chat,False,
INT-004733,AGT-018,2026-07-25 14:31:00,8,call,True,power_issue
INT-004336,AGT-005,2026-07-25 14:41:00,8,call,False,
INT-004612,AGT-014,2026-07-25 14:43:00,8,chat,False,
INT-004661,AGT-016,2026-07-25 15:07:00,8,call,False,
INT-004466,AGT-009,2026-07-25 15:18:00,8,call,False,
INT-004653,AGT-016,2026-07-25 15:20:00,8,chat,False,
INT-004460,AGT-009,2026-07-25 15:21:00,8,chat,False,
INT-004236,AGT-002,2026-07-25 15:35:00,8,call,False,
INT-004705,AGT-017,2026-07-25 15:59:00,8,chat,False,
INT-004497,AGT-010,2026-07-25 16:07:00,8,call,False,
INT-004344,AGT-005,2026-07-25 16:08:00,8,chat,False,
INT-004582,AGT-013,2026-07-25 16:24:00,8,call,True,power_issue
INT-004695,AGT-017,2026-07-25 16:29:00,8,chat,False,
INT-004679,AGT-016,2026-07-25 16:30:00,8,call,False,
INT-004568,AGT-013,2026-07-25 16:32:00,8,chat,False,
INT-004697,AGT-017,2026-07-25 16:54:00,8,call,False,
INT-004616,AGT-014,2026-07-25 16:55:00,8,chat,False,
INT-004545,AGT-012,2026-07-25 17:06:00,8,call,True,internet_issue
INT-004366,AGT-006,2026-07-25 17:07:00,8,chat,False,
INT-004250,AGT-002,2026-07-25 17:08:00,8,call,False,
INT-004622,AGT-015,2026-07-25 17:08:00,8,chat,False,
INT-004731,AGT-018,2026-07-25 17:15:00,8,chat,False,
INT-004744,AGT-019,2026-07-25 17:19:00,8,call,False,
INT-004535,AGT-012,2026-07-25 17:26:00,8,call,False,
INT-004735,AGT-018,2026-07-25 17:32:00,8,chat,False,
INT-004605,AGT-014,2026-07-25 17:35:00,8,chat,False,
INT-004537,AGT-012,2026-07-25 17:42:00,8,call,False,
INT-004439,AGT-008,2026-07-25 17:52:00,8,call,False,
INT-004215,AGT-001,2026-07-25 18:07:00,8,call,False,
INT-004471,AGT-010,2026-07-25 18:12:00,8,chat,False,
INT-004690,AGT-017,2026-07-25 18:15:00,8,chat,False,
INT-004257,AGT-002,2026-07-25 18:17:00,8,chat,False,
INT-004660,AGT-016,2026-07-25 18:23:00,8,call,False,
INT-004639,AGT-015,2026-07-25 18:58:00,8,chat,False,
INT-004721,AGT-018,2026-07-25 19:20:00,8,chat,False,
INT-004240,AGT-002,2026-07-25 19:50:00,8,chat,False,
INT-004662,AGT-016,2026-07-25 19:57:00,8,call,False,
INT-004265,AGT-003,2026-07-26 08:30:00,8,call,False,
INT-004453,AGT-009,2026-07-26 08:34:00,8,chat,False,
INT-004743,AGT-019,2026-07-26 08:37:00,8,call,False,
INT-004261,AGT-003,2026-07-26 08:45:00,8,call,False,
INT-004499,AGT-010,2026-07-26 08:59:00,8,call,False,
INT-004388,AGT-007,2026-07-26 09:06:00,8,chat,False,
INT-004672,AGT-016,2026-07-26 09:12:00,8,chat,False,
INT-004409,AGT-007,2026-07-26 09:24:00,8,chat,False,
INT-004587,AGT-013,2026-07-26 09:28:00,8,call,False,
INT-004762,AGT-019,2026-07-26 09:32:00,8,chat,False,
INT-004608,AGT-014,2026-07-26 09:38:00,8,call,False,
INT-004794,AGT-020,2026-07-26 09:46:00,8,chat,False,
INT-004502,AGT-011,2026-07-26 09:54:00,8,chat,False,
INT-004624,AGT-015,2026-07-26 09:55:00,8,call,False,
INT-004393,AGT-007,2026-07-26 10:01:00,8,call,False,
INT-004389,AGT-007,2026-07-26 10:10:00,8,chat,False,
INT-004252,AGT-002,2026-07-26 10:13:00,8,call,False,
INT-004623,AGT-015,2026-07-26 10:14:00,8,chat,False,
INT-004365,AGT-006,2026-07-26 10:16:00,8,chat,False,
INT-004546,AGT-012,2026-07-26 10:51:00,8,chat,False,
INT-004269,AGT-003,2026-07-26 10:51:00,8,chat,False,
INT-004787,AGT-020,2026-07-26 10:52:00,8,chat,False,
INT-004364,AGT-006,2026-07-26 11:05:00,8,chat,False,
INT-004462,AGT-009,2026-07-26 11:13:00,8,chat,False,
INT-004716,AGT-018,2026-07-26 11:25:00,8,chat,False,
INT-004332,AGT-005,2026-07-26 11:25:00,8,chat,False,
INT-004755,AGT-019,2026-07-26 11:26:00,8,chat,False,
INT-004255,AGT-002,2026-07-26 11:45:00,8,chat,False,
INT-004249,AGT-002,2026-07-26 12:01:00,8,call,False,
INT-004286,AGT-003,2026-07-26 12:15:00,8,call,False,
INT-004390,AGT-007,2026-07-26 12:15:00,8,chat,False,
INT-004348,AGT-005,2026-07-26 12:18:00,8,call,False,
INT-004212,AGT-001,2026-07-26 12:23:00,8,call,False,
INT-004524,AGT-011,2026-07-26 12:32:00,8,call,False,
INT-004295,AGT-004,2026-07-26 12:33:00,8,chat,False,
INT-004387,AGT-007,2026-07-26 12:36:00,8,chat,False,
INT-004426,AGT-008,2026-07-26 12:36:00,8,call,False,
INT-004681,AGT-017,2026-07-26 12:51:00,8,call,False,
INT-004665,AGT-016,2026-07-26 12:55:00,8,call,False,
INT-004646,AGT-015,2026-07-26 13:11:00,8,call,False,
INT-004355,AGT-006,2026-07-26 13:20:00,8,chat,False,
INT-004565,AGT-013,2026-07-26 13:44:00,8,chat,False,
INT-004465,AGT-009,2026-07-26 13:47:00,8,chat,True,other
INT-004230,AGT-001,2026-07-26 13:50:00,8,chat,False,
INT-004302,AGT-004,2026-07-26 14:02:00,8,call,False,
INT-004532,AGT-012,2026-07-26 14:03:00,8,chat,False,
INT-004202,AGT-001,2026-07-26 14:07:00,8,chat,False,
INT-004704,AGT-017,2026-07-26 14:19:00,8,call,False,
INT-004792,AGT-020,2026-07-26 14:25:00,8,call,False,
INT-004776,AGT-020,2026-07-26 14:28:00,8,chat,False,
INT-004398,AGT-007,2026-07-26 14:34:00,8,chat,False,
INT-004791,AGT-020,2026-07-26 15:03:00,8,call,False,
INT-004764,AGT-019,2026-07-26 15:06:00,8,chat,False,
INT-004401,AGT-007,2026-07-26 15:06:00,8,chat,True,power_issue
INT-004548,AGT-012,2026-07-26 15:09:00,8,call,False,
INT-004767,AGT-019,2026-07-26 15:20:00,8,chat,False,
INT-004204,AGT-001,2026-07-26 15:34:00,8,call,False,
INT-004777,AGT-020,2026-07-26 15:35:00,8,chat,False,
INT-004267,AGT-003,2026-07-26 15:44:00,8,call,False,
INT-004315,AGT-004,2026-07-26 15:45:00,8,call,False,
INT-004675,AGT-016,2026-07-26 15:53:00,8,call,False,
INT-004641,AGT-015,2026-07-26 15:58:00,8,chat,False,
INT-004223,AGT-001,2026-07-26 15:59:00,8,call,False,
INT-004311,AGT-004,2026-07-26 16:04:00,8,call,False,
INT-004412,AGT-008,2026-07-26 16:21:00,8,call,False,
INT-004300,AGT-004,2026-07-26 16:23:00,8,chat,False,
INT-004234,AGT-002,2026-07-26 16:31:00,8,call,False,
INT-004563,AGT-013,2026-07-26 16:31:00,8,chat,False,
INT-004432,AGT-008,2026-07-26 16:34:00,8,call,False,
INT-004626,AGT-015,2026-07-26 16:58:00,8,call,False,
INT-004293,AGT-004,2026-07-26 17:08:00,8,call,False,
INT-004629,AGT-015,2026-07-26 17:11:00,8,call,False,
INT-004782,AGT-020,2026-07-26 17:17:00,8,chat,False,
INT-004643,AGT-015,2026-07-26 17:33:00,8,chat,False,
INT-004392,AGT-007,2026-07-26 17:37:00,8,call,False,
INT-004316,AGT-004,2026-07-26 17:42:00,8,call,False,
INT-004773,AGT-020,2026-07-26 17:56:00,8,call,False,
INT-004689,AGT-017,2026-07-26 17:59:00,8,call,False,
INT-004404,AGT-007,2026-07-26 18:05:00,8,call,False,
INT-004402,AGT-007,2026-07-26 18:06:00,8,chat,False,
INT-004729,AGT-018,2026-07-26 18:07:00,8,chat,False,
INT-004719,AGT-018,2026-07-26 18:10:00,8,chat,False,
INT-004428,AGT-008,2026-07-26 18:10:00,8,call,False,
INT-004751,AGT-019,2026-07-26 18:21:00,8,chat,False,
INT-004292,AGT-004,2026-07-26 18:28:00,8,chat,True,customer_disconnected_first
INT-004539,AGT-012,2026-07-26 18:31:00,8,chat,False,
INT-004752,AGT-019,2026-07-26 18:44:00,8,chat,False,
INT-004668,AGT-016,2026-07-26 19:03:00,8,chat,True,unresolved_handoff
INT-004307,AGT-004,2026-07-26 19:04:00,8,call,False,
INT-004327,AGT-005,2026-07-26 19:05:00,8,chat,False,
INT-004444,AGT-009,2026-07-26 19:11:00,8,call,False,
INT-004248,AGT-002,2026-07-26 19:15:00,8,chat,False,
INT-004459,AGT-009,2026-07-26 19:32:00,8,call,False,
INT-004318,AGT-004,2026-07-26 19:36:00,8,chat,False,
INT-004254,AGT-002,2026-07-26 19:55:00,8,call,False,
